id,target_0,target_1,target_2,target_3,target_4,target_5,target_6
0,0.077652228,0.066508263,0.170833517,0.042683157,0.279696687,0.078064332,0.284561816
1,0.025894826,0.037288791,0.134192224,0.033158207,0.460253778,0.038492602,0.270719574
2,0.366993016,0.126671378,0.181161217,0.05310082,0.12323523,0.09905024,0.049788098
3,0.162068938,0.074179031,0.185218484,0.046277275,0.216529712,0.109114437,0.206612123
4,0.036229302,0.462411035,0.066876862,0.284276566,0.027970802,0.079073782,0.043161652
5,0.145539876,0.157700101,0.273023081,0.083761546,0.081026304,0.17260527,0.086343822
6,0.025228788,0.11241606,0.154750558,0.556008388,0.022198674,0.065146583,0.06425095
7,0.112778635,0.079050541,0.112374764,0.077873112,0.271142007,0.25290445,0.09387649
8,0.43183126,0.047824618,0.034549469,0.024000812,0.017236043,0.028225601,0.416332197
9,0.114408545,0.184254713,0.079613386,0.249602015,0.116569184,0.145206242,0.110345915
10,0.065022898,0.074272431,0.245233878,0.11240649,0.289889959,0.134738333,0.078436011
11,0.264017527,0.03809164,0.179402105,0.211524016,0.171802896,0.06313689,0.072024925
12,0.117238095,0.410026147,0.10534875,0.083117678,0.100293407,0.064844644,0.11913128
13,0.200749765,0.154377751,0.159584385,0.054538605,0.219765279,0.10835169,0.102632526
14,0.132236327,0.250444099,0.096859235,0.249025734,0.061343589,0.101394218,0.108696799
15,0.074743977,0.1845534,0.035177723,0.289664324,0.086592815,0.117945932,0.211321829
16,0.151360412,0.080278504,0.118905036,0.064526211,0.234334165,0.117958391,0.232637281
17,0.080823085,0.307577338,0.120826427,0.26929425,0.039903404,0.117183132,0.064392365
18,0.500146829,0.04629148,0.104335977,0.028879368,0.142787653,0.052818225,0.124740468
19,0.101277955,0.078896343,0.291151234,0.079233319,0.046800916,0.134070699,0.268569535
20,0.164485491,0.075285088,0.187980212,0.046967299,0.21975831,0.085899711,0.219623889
21,0.120757554,0.053027959,0.153974849,0.053683414,0.437637467,0.112122319,0.068796438
22,0.0793198,0.133773381,0.101400357,0.51307154,0.028211941,0.110616077,0.033606904
23,0.064502678,0.069786325,0.081772647,0.06076098,0.213169289,0.111310808,0.398697273
24,0.112740754,0.05262371,0.042629756,0.518072403,0.051758208,0.178285121,0.043890049
25,0.279160227,0.089098228,0.107660838,0.13736089,0.039772994,0.314866082,0.032080741
26,0.119002831,0.067831345,0.150266175,0.056764052,0.209318242,0.310336332,0.086481024
27,0.135498367,0.162747681,0.031167279,0.50853202,0.03625978,0.093014195,0.032780678
28,0.427010971,0.087216381,0.098508384,0.043159491,0.085403691,0.135681035,0.123020047
29,0.073497841,0.115818092,0.456531564,0.11293289,0.112555975,0.086740911,0.041922726
30,0.172440766,0.027490576,0.334224767,0.028726261,0.270277177,0.088213507,0.078626945
31,0.138477211,0.072202758,0.169584134,0.042370996,0.191032202,0.168766034,0.217566664
32,0.12851123,0.110749877,0.120151799,0.268727854,0.096296285,0.17710897,0.098453986
33,0.661823098,0.049153373,0.030268576,0.046498425,0.029545604,0.144081334,0.038629591
34,0.113219425,0.088804019,0.151587223,0.063556089,0.290824857,0.162511871,0.129496515
35,0.234580758,0.041343218,0.2394455,0.094370874,0.241943228,0.104071831,0.044244591
36,0.15516063,0.135936838,0.094477141,0.155373744,0.054493991,0.16511081,0.239446846
37,0.048512314,0.078508437,0.111996357,0.065464533,0.464833919,0.193093835,0.037590605
38,0.153697879,0.127602622,0.151406773,0.048311846,0.332805403,0.096268328,0.08990715
39,0.073497356,0.284590179,0.113809794,0.240953482,0.055210883,0.133640265,0.098298042
40,0.374448039,0.13983782,0.167407215,0.050556732,0.088978518,0.098080307,0.080691368
41,0.463640204,0.061672494,0.071560347,0.049312733,0.152057297,0.075272833,0.126484092
42,0.142323388,0.061781022,0.158318926,0.038542663,0.172653412,0.129835259,0.29654533
43,0.382837537,0.211277917,0.112606932,0.039927521,0.12601142,0.099330612,0.02800806
44,0.253815661,0.071883239,0.16535554,0.053843922,0.210525997,0.076258421,0.168317219
45,0.144274589,0.114278406,0.236683428,0.131049516,0.059163024,0.143291623,0.171259413
46,0.06562007,0.100183234,0.127625404,0.09376441,0.246288701,0.163867876,0.202650306
47,0.576747207,0.082574339,0.055756218,0.070444755,0.045047947,0.116014076,0.053415458
48,0.199009702,0.081229426,0.10387979,0.076540952,0.186785325,0.120326274,0.23222853
49,0.055937638,0.106232744,0.112894016,0.320834782,0.04294493,0.307631686,0.053524205
50,0.06039953,0.068817531,0.097591515,0.427752556,0.095678663,0.147242481,0.102517724
51,0.144378046,0.236391378,0.127830204,0.066251085,0.149532862,0.087895191,0.187721235
52,0.125140088,0.099359148,0.247085871,0.197765052,0.075774033,0.145558496,0.109317312
53,0.093718361,0.065187352,0.349346984,0.032271417,0.133523336,0.050115898,0.275836653
54,0.091676344,0.217952993,0.077837875,0.422042661,0.054697456,0.072512717,0.063279954
55,0.135993033,0.030194003,0.026152532,0.569793882,0.049789697,0.157907033,0.03016982
56,0.170516562,0.074741651,0.186623297,0.046628271,0.218172009,0.085279653,0.218038558
57,0.556309659,0.064556301,0.041000925,0.071083915,0.034771941,0.185804425,0.046472834
58,0.12226851,0.104064386,0.194853035,0.075498433,0.180720956,0.272285252,0.050309427
59,0.20120344,0.120772631,0.061453981,0.263696972,0.105859279,0.14447559,0.102538107
60,0.242676581,0.031854058,0.153951294,0.026614449,0.099847721,0.045079408,0.399976489
61,0.152895985,0.115729495,0.230655197,0.076073645,0.067073814,0.127278786,0.230293077
62,0.175311028,0.116780481,0.140830911,0.051388866,0.27920967,0.077874579,0.158604465
63,0.168662741,0.07033946,0.199031175,0.045837938,0.180803199,0.063631547,0.27169394
64,0.182122724,0.075870254,0.168218496,0.067559045,0.203205843,0.075399982,0.227623655
65,0.158648695,0.09927383,0.185618931,0.037625918,0.318261004,0.056754325,0.143817296
66,0.418387915,0.04818991,0.130571003,0.035424263,0.272074583,0.052523237,0.042829089
67,0.099452598,0.102665548,0.051100801,0.049462299,0.076028903,0.065111674,0.556178177
68,0.106787584,0.059227026,0.26777734,0.051653471,0.038393289,0.111894298,0.364266992
69,0.056248465,0.070724198,0.197499222,0.154062613,0.060388789,0.154027245,0.307049468
70,0.080769429,0.185202815,0.156618946,0.327027072,0.059985747,0.119426968,0.070969023
71,0.041581187,0.081980037,0.064568685,0.054300603,0.133479473,0.083717693,0.540372321
72,0.53270323,0.050204675,0.135695581,0.03692198,0.131473071,0.056601044,0.056400419
73,0.249468169,0.048448706,0.147517934,0.039043037,0.22945582,0.156138975,0.129927359
74,0.124931455,0.176449927,0.203487022,0.117287114,0.169239252,0.119019566,0.089585664
75,0.087460455,0.051434334,0.140662287,0.031898852,0.180217606,0.055875275,0.452451191
76,0.158117719,0.072370556,0.180702882,0.045149041,0.211250746,0.121287527,0.211121529
77,0.274249099,0.058510054,0.188863908,0.056294089,0.190864519,0.065007838,0.166210494
78,0.540215271,0.05047997,0.05082509,0.065025706,0.038905366,0.22607863,0.028469966
79,0.145032605,0.053948973,0.138943666,0.042473377,0.22786764,0.083359014,0.308374724
80,0.089100572,0.146399674,0.233985135,0.144233772,0.1993284,0.091384206,0.095568241
81,0.046995973,0.312345188,0.070752249,0.433086545,0.045488616,0.060977937,0.030353492
82,0.048184251,0.131072004,0.071284913,0.452107915,0.064048116,0.183241972,0.050060828
83,0.048045757,0.04389263,0.256229172,0.041667064,0.222133381,0.115689312,0.272342684
84,0.096257294,0.289311165,0.092108079,0.037218838,0.225548388,0.129592497,0.12996374
85,0.14867604,0.150813681,0.169912576,0.055803036,0.198636336,0.077643497,0.198514835
86,0.609619619,0.140726449,0.03788312,0.024439962,0.030112764,0.123211949,0.034006136
87,0.039466514,0.262264062,0.054935218,0.362276769,0.113366203,0.113361066,0.054330168
88,0.122941355,0.065903007,0.255537948,0.089363843,0.073032982,0.115470331,0.277750535
89,0.174717816,0.070793519,0.136524026,0.058721198,0.149607639,0.116259291,0.293376512
90,0.025419772,0.441777107,0.049415199,0.257085287,0.020852239,0.098798259,0.106652137
91,0.073436024,0.216840351,0.182233497,0.077725886,0.119173059,0.158203233,0.17238795
92,0.162517675,0.085470545,0.054238005,0.184294869,0.082920045,0.144742262,0.285816599
93,0.173338439,0.194545749,0.084638466,0.090436995,0.176390114,0.128370569,0.152279668
94,0.156593672,0.07556285,0.188673759,0.047140584,0.220569101,0.09102585,0.220434184
95,0.09926721,0.133547485,0.176588088,0.085358987,0.23253795,0.100817561,0.171882719
96,0.054918442,0.372612408,0.269360676,0.054324694,0.051266197,0.163800728,0.033716855
97,0.539562378,0.043184695,0.164829582,0.064432368,0.044802379,0.106870561,0.036318038
98,0.113832036,0.208924721,0.048081604,0.398524045,0.033982887,0.140423752,0.056230954
99,0.164485491,0.075285088,0.187980212,0.046967299,0.21975831,0.085899711,0.219623889
100,0.132665007,0.116937652,0.162227448,0.065584775,0.155789176,0.308965482,0.057830459
101,0.180135702,0.174550612,0.091304297,0.066112095,0.169663489,0.085636652,0.232597154
102,0.030101505,0.329016559,0.211153779,0.239888145,0.06100315,0.100222624,0.028614238
103,0.474916383,0.088844823,0.054280733,0.03069564,0.275576697,0.047758855,0.027926869
104,0.085307747,0.193130909,0.224513989,0.166412571,0.089500646,0.203887818,0.03724632
105,0.22716409,0.119014599,0.257034788,0.103026511,0.10890028,0.146810824,0.038048908
106,0.124255424,0.218050688,0.244068834,0.0567102,0.168140392,0.108438391,0.080336071
107,0.072967849,0.066829313,0.165274232,0.040108291,0.276458235,0.131579682,0.246782398
108,0.169270144,0.066648876,0.266101462,0.049866766,0.157189493,0.091587619,0.19933564
109,0.164485491,0.075285088,0.187980212,0.046967299,0.21975831,0.085899711,0.219623889
110,0.573971828,0.104417097,0.046868013,0.057679952,0.039640006,0.15027116,0.027151944
111,0.067147313,0.066361769,0.150901806,0.043309462,0.261842287,0.265800214,0.14463715
112,0.20036492,0.06787798,0.219536846,0.035398306,0.091068388,0.116847625,0.268905936
113,0.048181687,0.053337312,0.117674563,0.056314321,0.392324639,0.086520987,0.24564649
114,0.119184206,0.10055169,0.212029471,0.03533013,0.290444831,0.09441722,0.148042452
115,0.176280009,0.168148808,0.123947262,0.043540351,0.193653904,0.079632076,0.21479759
116,0.052242727,0.053666473,0.038848813,0.051671112,0.023650531,0.046246096,0.733674249
117,0.03449705,0.217265756,0.292138768,0.204730275,0.070334343,0.148155551,0.032878258
118,0.09965616,0.275372578,0.119579846,0.071770795,0.105621519,0.154217548,0.173781553
119,0.088025034,0.262414878,0.292932036,0.07962676,0.137201272,0.101797608,0.038002412
120,0.140517954,0.082640685,0.137878295,0.076075747,0.257749917,0.103913436,0.201223966
121,0.077046709,0.155756226,0.108279878,0.217847035,0.110221145,0.20485572,0.125993287
122,0.409567403,0.037725953,0.146930626,0.025911782,0.089155784,0.128543115,0.162165338
123,0.102936013,0.162708618,0.066570741,0.17728267,0.254736912,0.153534871,0.082230175
124,0.5355144,0.049019177,0.065695995,0.051924506,0.025297054,0.221671675,0.050877193
125,0.120493303,0.067105856,0.161180445,0.103766208,0.1380152,0.164061358,0.24537763
126,0.131748213,0.159118525,0.130864954,0.111059588,0.187552623,0.22410535,0.055550748
127,0.271069874,0.073530307,0.096477717,0.071355266,0.084298569,0.257307599,0.145960668
128,0.028364013,0.054011025,0.085363156,0.473535911,0.040182965,0.030566472,0.287976456
129,0.093601464,0.053075089,0.162383944,0.0759675,0.252696742,0.165990704,0.196284556
130,0.065725388,0.096457691,0.076740986,0.21770285,0.09641931,0.410667438,0.036286338
131,0.097504528,0.089846318,0.213274183,0.109989943,0.038722991,0.306280644,0.144381392
132,0.043108218,0.088904666,0.060868298,0.397967283,0.028160557,0.216283122,0.164707856
133,0.085949494,0.318329167,0.203354013,0.081294064,0.09979386,0.06801251,0.143266891
134,0.258783375,0.144944084,0.087887623,0.066787499,0.126880534,0.143170816,0.171546069
135,0.14446003,0.138779009,0.157314247,0.043751677,0.185974588,0.136834904,0.192885545
136,0.161394878,0.081937844,0.294278691,0.057515732,0.164788721,0.107167369,0.132916766
137,0.164485491,0.075285088,0.187980212,0.046967299,0.21975831,0.085899711,0.219623889
138,0.337253891,0.056881545,0.099808432,0.034091401,0.237525,0.091106538,0.143333193
139,0.053869407,0.345691894,0.11592528,0.203556983,0.103616345,0.137041344,0.040298747
140,0.073404469,0.171281797,0.223621612,0.145960084,0.047130899,0.201475426,0.137125713
141,0.225241472,0.099176033,0.192381887,0.043249489,0.24162014,0.11365198,0.084678999
142,0.334798297,0.046377528,0.22540184,0.035488856,0.228376391,0.087535759,0.042021328
143,0.081454018,0.17779671,0.158242775,0.078131164,0.155514513,0.263279621,0.0855812
144,0.086475768,0.033284384,0.050454793,0.022704111,0.187182482,0.041045054,0.578853408
145,0.035171235,0.154651905,0.087114046,0.130376012,0.025893025,0.395771895,0.171021883
146,0.109468505,0.173002157,0.069018423,0.472628831,0.050502893,0.066951962,0.058427228
147,0.157989366,0.102378874,0.180556195,0.049539825,0.211079262,0.087506329,0.210950149
148,0.15321873,0.081264118,0.120364885,0.065318428,0.237211189,0.119406618,0.223216031
149,0.134119847,0.072724618,0.161831259,0.087455812,0.14522262,0.182753922,0.215891922
150,0.065101618,0.085926508,0.239928641,0.068497436,0.04141074,0.041520544,0.457614513
151,0.294888676,0.058252441,0.297810161,0.078859343,0.048638097,0.085882057,0.135669225
152,0.049811238,0.117487404,0.10361918,0.04475306,0.13623386,0.077996013,0.470099245
153,0.213116994,0.097577667,0.0625765,0.048788793,0.227909826,0.230430553,0.119599668
154,0.107410338,0.041169168,0.176655043,0.054299766,0.245450369,0.21302095,0.161994367
155,0.110221059,0.050458558,0.119426542,0.034629606,0.139714901,0.101302337,0.444246997
156,0.124527681,0.13946265,0.093082532,0.208702363,0.116063151,0.175023937,0.143137686
157,0.028189748,0.089085603,0.023055874,0.719139034,0.082446158,0.032311705,0.025771879
158,0.029636686,0.45367628,0.069090214,0.213805515,0.038777914,0.103855101,0.091158289
159,0.072357817,0.124824595,0.10189643,0.143232446,0.341658342,0.172069705,0.043960665
160,0.061210127,0.179876573,0.17735407,0.036844609,0.26114623,0.091759886,0.191808505
161,0.236844004,0.190768489,0.160641584,0.039484323,0.193041276,0.120987549,0.058232774
162,0.169503986,0.128536057,0.119104076,0.084473968,0.071543631,0.391549659,0.035288623
163,0.093965634,0.15453658,0.064491295,0.039864873,0.113645259,0.313293545,0.220202814
164,0.162541616,0.088491941,0.185758678,0.053895958,0.224411633,0.089590999,0.195309175
165,0.166446881,0.109963718,0.140576124,0.038176895,0.296494606,0.069822713,0.178519062
166,0.15754105,0.095149657,0.231824712,0.05562944,0.217120122,0.06556986,0.177165159
167,0.218975064,0.095025929,0.150549259,0.056907139,0.161920497,0.123124333,0.193497779
168,0.276693874,0.019823819,0.262642287,0.023365292,0.224588421,0.057086473,0.135799834
169,0.163362056,0.074770892,0.207316457,0.056724178,0.218257363,0.085313016,0.194256039
170,0.172864458,0.090959678,0.09769848,0.042110821,0.13014304,0.087749872,0.378473651
171,0.479037011,0.108488289,0.20199288,0.043964416,0.049972712,0.066196658,0.050348032
172,0.036558048,0.477700483,0.068102328,0.221576656,0.057815899,0.104623055,0.033623532
173,0.048084447,0.078371195,0.086917914,0.142469348,0.20306128,0.160341587,0.280754229
174,0.039190022,0.234424029,0.064938165,0.297002215,0.1824503,0.153682251,0.028313017
175,0.121570215,0.146072036,0.05253801,0.207965717,0.041477138,0.089107449,0.341269435
176,0.14401376,0.070201632,0.155367031,0.045949091,0.204363425,0.07238691,0.307718151
177,0.082507244,0.112441338,0.129188951,0.115427086,0.186720798,0.259827881,0.113886701
178,0.152961227,0.095407613,0.183609476,0.045875261,0.2146487,0.083902453,0.22359527
179,0.06911603,0.224899784,0.192083618,0.040847505,0.147436551,0.119314091,0.206302421
180,0.072343925,0.39246697,0.050180207,0.123669557,0.091223272,0.21354751,0.056568558
181,0.056868522,0.429039115,0.118239033,0.118887089,0.077135068,0.092089228,0.107741947
182,0.1933571,0.102212131,0.149425722,0.070941777,0.114567272,0.252625849,0.116870149
183,0.135177829,0.044946698,0.115716198,0.055621204,0.484125674,0.056472396,0.107940001
184,0.144405055,0.138747616,0.238507956,0.084375879,0.119214275,0.143538328,0.13121089
185,0.131782726,0.135900521,0.123202064,0.058833322,0.260023491,0.088209071,0.202048805
186,0.126328477,0.064415522,0.121991303,0.054229631,0.296424254,0.076367133,0.26024368
187,0.092993824,0.185392826,0.144315045,0.266175173,0.0677415,0.17433888,0.069042752
188,0.140600651,0.097552113,0.121591191,0.100476215,0.147487035,0.121138073,0.271154722
189,0.090411635,0.302174442,0.07021154,0.358942996,0.047120376,0.074059049,0.057079962
190,0.077364997,0.229278306,0.080018199,0.099290968,0.047553985,0.416325286,0.050168259
191,0.088919752,0.19162636,0.150060223,0.210122917,0.09504087,0.188079308,0.076150568
192,0.176635356,0.080964496,0.159798772,0.109180865,0.178323108,0.220566142,0.074531261
193,0.248259618,0.096494367,0.057982864,0.054359007,0.090073341,0.369404352,0.083426452
194,0.142798684,0.236047124,0.110752247,0.156430859,0.142942812,0.102204168,0.108824106
195,0.152378925,0.101227907,0.181022657,0.094361258,0.210438718,0.124610223,0.135960312
196,0.081472489,0.090622652,0.094061483,0.092353604,0.111043318,0.296115851,0.234330603
197,0.148074974,0.131412032,0.082685043,0.072158532,0.165033899,0.123594018,0.277041502
198,0.164485491,0.075285088,0.187980212,0.046967299,0.21975831,0.085899711,0.219623889
199,0.057686702,0.270690736,0.124294273,0.267809586,0.049132452,0.137114346,0.093271906
200,0.156781699,0.075696914,0.189008506,0.050357561,0.220960438,0.086369601,0.220825281
201,0.089973106,0.096536193,0.085466627,0.045164791,0.131095733,0.076737437,0.475026114
202,0.061016329,0.079548288,0.264081178,0.148740198,0.127697696,0.123311926,0.195604385
203,0.646366157,0.069105177,0.039879214,0.064599176,0.036058359,0.088832939,0.055158978
204,0.067703078,0.171742245,0.084862756,0.48049535,0.044858043,0.095704278,0.05463425
205,0.062816926,0.05517183,0.020978923,0.711826283,0.021378359,0.108332595,0.019495084
206,0.215043946,0.059881669,0.119993371,0.110046078,0.292066163,0.115419384,0.087549389
207,0.13363639,0.155900362,0.157740619,0.117555034,0.217713724,0.148011355,0.069442515
208,0.056234291,0.422935906,0.085099664,0.2732646,0.032688954,0.089634908,0.040141678
209,0.050586771,0.266280681,0.049903654,0.286029726,0.041262372,0.221178249,0.084758546
210,0.188314483,0.021547079,0.247425134,0.02466104,0.20222099,0.03705232,0.278778954
211,0.158117719,0.072370556,0.180702882,0.045149041,0.211250746,0.121287527,0.211121529
212,0.158362504,0.109707685,0.180982631,0.045218937,0.211577787,0.082702086,0.21144837
213,0.271235053,0.111729659,0.056894506,0.050926717,0.045563141,0.347592068,0.116058856
214,0.152219206,0.054313043,0.180453037,0.071688451,0.260508377,0.107985292,0.172832594
215,0.081090004,0.361593771,0.04721402,0.341215702,0.031974363,0.067676745,0.069235394
216,0.084846075,0.304917204,0.168401051,0.123298888,0.142686943,0.121490732,0.054359107
217,0.140363226,0.067660591,0.192547394,0.043422689,0.187097062,0.079416881,0.289492158
218,0.087001592,0.290758496,0.23774268,0.164311834,0.052910657,0.121550039,0.045724703
219,0.327615953,0.193999139,0.09819482,0.110500428,0.077859988,0.111919726,0.079909945
220,0.036516928,0.290157237,0.045302416,0.360587598,0.042974935,0.1966831,0.027777787
221,0.468954085,0.054672743,0.214526129,0.036569018,0.049408941,0.065011207,0.110857878
222,0.08673382,0.07161709,0.219632735,0.091913688,0.122266216,0.098603319,0.309233131
223,0.032212665,0.094156612,0.165291464,0.293361267,0.0262164,0.356755923,0.03200567
224,0.192164802,0.129677506,0.144559274,0.068928939,0.11273498,0.256117474,0.095817026
225,0.149024199,0.064843588,0.256906501,0.040453273,0.199046978,0.137733132,0.15199233
226,0.163350844,0.080454865,0.186683494,0.046643311,0.207454903,0.085307161,0.230105422
227,0.313696707,0.037090447,0.16096418,0.082596811,0.252358307,0.110469947,0.042823601
228,0.131598706,0.073071498,0.169430916,0.055209219,0.323657782,0.0719508,0.175081081
229,0.428989533,0.033771783,0.094350226,0.040546729,0.087824553,0.196239776,0.118277401
230,0.170516562,0.074741651,0.186623297,0.046628271,0.218172009,0.085279653,0.218038558
231,0.08769168,0.306984916,0.183223132,0.159157985,0.053248863,0.148817543,0.06087588
232,0.021593755,0.257525756,0.053473965,0.472750341,0.02048438,0.145058381,0.029113422
233,0.070924698,0.26044993,0.141906673,0.294602648,0.051134138,0.132185142,0.04879677
234,0.188097963,0.096159774,0.132365021,0.055388059,0.265710571,0.07037894,0.191899671
235,0.040558039,0.057334263,0.21464428,0.548866595,0.041699089,0.058772946,0.038124787
236,0.28902249,0.148013824,0.088915767,0.136402723,0.062482001,0.18367086,0.091492335
237,0.047654104,0.321797486,0.12300152,0.190640909,0.049197572,0.100278003,0.167430407
238,0.485015298,0.027698646,0.145651608,0.027494523,0.152929243,0.136324689,0.024885993
239,0.090661995,0.240710242,0.122204895,0.178566942,0.10039265,0.076070975,0.191392301
240,0.121774969,0.107152498,0.227186947,0.171370358,0.111531486,0.136625735,0.124358008
241,0.057724701,0.162669346,0.09839576,0.318246616,0.047832464,0.181587867,0.133543247
242,0.053041718,0.236325022,0.067330067,0.401215038,0.047819973,0.146247927,0.048020255
243,0.095366394,0.042081158,0.414407174,0.097920515,0.291540498,0.040681684,0.018002577
244,0.170870952,0.074283713,0.185479868,0.046342582,0.216835282,0.089484954,0.216702649
245,0.074980981,0.165466443,0.056483293,0.288513454,0.038827452,0.095049628,0.280678749
246,0.164485491,0.075285088,0.187980212,0.046967299,0.21975831,0.085899711,0.219623889
247,0.126812614,0.182950666,0.124489149,0.139993397,0.201044199,0.102601221,0.122108753
248,0.072472357,0.132297215,0.114994686,0.274250569,0.149818024,0.214283575,0.041883574
249,0.075378799,0.381716657,0.131999539,0.106252803,0.047634155,0.174035203,0.082982845
250,0.032007737,0.209141907,0.054059243,0.408554505,0.097500921,0.09318889,0.105546797
251,0.028784312,0.20019206,0.146421804,0.356620599,0.026761428,0.21104407,0.030175727
252,0.164485491,0.075285088,0.187980212,0.046967299,0.21975831,0.085899711,0.219623889
253,0.2018641,0.090065884,0.234784063,0.045614072,0.189503433,0.074375404,0.163793044
254,0.148638712,0.130037742,0.100223749,0.087509946,0.274167108,0.158094443,0.101328299
255,0.04745112,0.18485211,0.212891024,0.144035087,0.137937028,0.218749688,0.054083944
256,0.06117168,0.100389551,0.071823813,0.047379925,0.245308437,0.426342324,0.04758427
257,0.177574944,0.072449078,0.145792629,0.070650325,0.213428732,0.109448668,0.210655624
258,0.344599618,0.105803084,0.098428131,0.114391101,0.048183024,0.23924974,0.049345302
259,0.051519181,0.356024884,0.102732945,0.153483902,0.033677813,0.103810944,0.198750331
260,0.066123474,0.304144638,0.155903403,0.074006072,0.105266829,0.144639805,0.149915779
261,0.134124124,0.236232975,0.138519949,0.044781784,0.196736317,0.092735052,0.156869798
262,0.088671701,0.0553073,0.137504585,0.038524462,0.2212237,0.068859569,0.389908683
263,0.229703479,0.129373011,0.123476703,0.053007645,0.22397993,0.136047702,0.10441153
264,0.090552459,0.280482325,0.091337554,0.178963868,0.104658788,0.162768794,0.091236212
265,0.156184062,0.203801475,0.139257326,0.045978933,0.266371042,0.084914647,0.103492515
266,0.101730489,0.128322946,0.187450077,0.062700109,0.2863062,0.124361537,0.109128642
267,0.039184681,0.174514214,0.110963438,0.241160537,0.125739797,0.27734888,0.031088453
268,0.263597013,0.038579522,0.104385605,0.187280571,0.187653267,0.174719105,0.043784916
269,0.122502151,0.339849466,0.069206835,0.110203092,0.106036219,0.202990877,0.049211359
270,0.229574251,0.038053703,0.192063514,0.025887147,0.193970511,0.071602273,0.248848601
271,0.093243734,0.093635361,0.234713086,0.061844721,0.202235916,0.26055618,0.053771
272,0.058153863,0.208768575,0.080355905,0.317591755,0.138320412,0.153306073,0.043503418
273,0.161024001,0.072106655,0.219070857,0.045978903,0.202725531,0.084092007,0.215002047
274,0.045390056,0.042093715,0.042448103,0.596398185,0.04079412,0.102274237,0.130601585
275,0.079796126,0.339397573,0.105608011,0.094783888,0.074458489,0.130152123,0.175803791
276,0.121040931,0.240476254,0.124718488,0.126584011,0.054644466,0.163317206,0.169218644
277,0.131714766,0.215440468,0.158789012,0.060114645,0.17823425,0.07997337,0.175733489
278,0.07073364,0.055296504,0.301372996,0.041601229,0.282327916,0.081909532,0.166758182
279,0.07890641,0.280337321,0.069482916,0.120219269,0.093376971,0.288358862,0.069318253
280,0.068184149,0.067342668,0.134731108,0.048840333,0.304599083,0.262562258,0.113740401
281,0.164541629,0.183381862,0.144836746,0.047778774,0.15386537,0.267020337,0.038575282
282,0.182748814,0.131332016,0.128466529,0.086667636,0.196332645,0.18055653,0.09389583
283,0.057626253,0.053652936,0.097941459,0.214073449,0.183551324,0.108903256,0.284251322
284,0.044621086,0.213776926,0.100684799,0.398707994,0.031179226,0.160783238,0.05024673
285,0.173414703,0.069071054,0.198013966,0.056343409,0.126102672,0.240533111,0.136521084
286,0.071473057,0.321027236,0.061264169,0.090497343,0.08620658,0.118611518,0.250920096
287,0.135367279,0.067165984,0.088888354,0.061059258,0.516018204,0.084026442,0.047474479
288,0.164485491,0.075285088,0.187980212,0.046967299,0.21975831,0.085899711,0.219623889
289,0.027950975,0.059824396,0.052166773,0.730753667,0.01781257,0.068197518,0.0432941
290,0.05318834,0.180437728,0.075942055,0.485522775,0.029390097,0.122183047,0.053335958
291,0.02058582,0.135051163,0.070632652,0.665709285,0.019050892,0.063538681,0.025431508
292,0.034921419,0.156049074,0.143973869,0.080949593,0.072129116,0.051761042,0.460215885
293,0.080477351,0.108247276,0.371460622,0.135315648,0.082471987,0.178805119,0.043221996
294,0.049224697,0.140432688,0.128434582,0.326169913,0.185018091,0.138409921,0.032310107
295,0.098056395,0.092729177,0.252198236,0.044587376,0.208622736,0.086487936,0.217318143
296,0.159660362,0.130955964,0.156582863,0.045589529,0.188048924,0.131142315,0.188020044
297,0.220415786,0.32456012,0.036984041,0.086447544,0.088639379,0.069908129,0.173045001
298,0.291872561,0.020077793,0.045962773,0.028211221,0.159779202,0.019451974,0.434644477
299,0.122746887,0.069972531,0.12627036,0.049601007,0.195146796,0.308172939,0.12808948
300,0.072483004,0.064908056,0.157095732,0.063614864,0.358036906,0.081154204,0.202707234
301,0.150647454,0.142386313,0.147839228,0.106335561,0.183109754,0.127058606,0.142623083
302,0.032560114,0.521156929,0.059042025,0.172668513,0.052407166,0.093030118,0.069135135
303,0.170516562,0.074741651,0.186623297,0.046628271,0.218172009,0.085279653,0.218038558
304,0.697657654,0.041521289,0.031383017,0.020399056,0.024406909,0.154557891,0.030074184
305,0.053097678,0.153596652,0.145638547,0.239451138,0.046234941,0.147791531,0.214189513
306,0.033636967,0.343971467,0.08049651,0.061053248,0.073889253,0.367758861,0.039193693
307,0.025212763,0.067321721,0.028119306,0.783228052,0.028007416,0.0418094,0.026301342
308,0.070032579,0.206661431,0.096305552,0.188685595,0.084305009,0.140655073,0.21335476
309,0.079476856,0.053174753,0.089696755,0.162213426,0.305371833,0.202808165,0.107258213
310,0.244430464,0.149518052,0.108974607,0.299135636,0.056455046,0.087736028,0.053750166
311,0.029003381,0.232260717,0.046031777,0.391590172,0.044950468,0.192570068,0.063593417
312,0.138735107,0.090569801,0.196487922,0.099598616,0.132682003,0.154128921,0.187797631
313,0.060135401,0.165278236,0.049989107,0.129780403,0.027714422,0.112541258,0.454561173
314,0.274068823,0.050784706,0.198902372,0.043696474,0.256372133,0.051675211,0.124500281
315,0.065803556,0.475793767,0.175628009,0.049806017,0.048563384,0.151429636,0.032975631
316,0.36341433,0.059092515,0.081725932,0.05185792,0.21052591,0.170251095,0.063132299
317,0.035355574,0.094791802,0.065706746,0.072390556,0.255647382,0.312827376,0.163280563
318,0.133383219,0.139183629,0.196558035,0.109351192,0.115686257,0.11445692,0.191380748
319,0.124672154,0.13766435,0.117757414,0.042725258,0.236883763,0.214311336,0.125985726
320,0.164485491,0.075285088,0.187980212,0.046967299,0.21975831,0.085899711,0.219623889
321,0.141786165,0.084549909,0.2012963,0.046350714,0.252099245,0.094609368,0.179308299
322,0.128323931,0.103383561,0.072408968,0.053923847,0.077978517,0.411408065,0.15257311
323,0.058252744,0.12664219,0.150785954,0.128184982,0.17820965,0.309428778,0.048495702
324,0.072829473,0.132045469,0.224122598,0.047833885,0.055709422,0.436881328,0.030577826
325,0.421057596,0.064338937,0.129568125,0.049220996,0.115691099,0.156022063,0.064101185
326,0.74811627,0.049467186,0.035958996,0.024742799,0.027965698,0.076443708,0.037305343
327,0.052061834,0.180410937,0.069874106,0.273978137,0.039776291,0.150902969,0.232995727
328,0.10384239,0.239021791,0.069015258,0.083637257,0.278333486,0.171995966,0.054153851
329,0.353560746,0.091921439,0.089851293,0.079601256,0.135354736,0.134153751,0.11555678
330,0.035707994,0.04919524,0.109064166,0.497506829,0.053490999,0.230113134,0.024921637
331,0.16292623,0.205451123,0.096719741,0.100370403,0.227043976,0.112268543,0.095219984
332,0.169417452,0.110523039,0.111203304,0.064303925,0.205874274,0.092407428,0.246270578
333,0.188810203,0.043465119,0.10542856,0.096795041,0.101105206,0.113817911,0.35057796
334,0.088511668,0.135128345,0.099937381,0.449781504,0.048766527,0.093602631,0.084271944
335,0.064477132,0.247594169,0.077606593,0.068825027,0.160998977,0.271154001,0.109344102
336,0.077662607,0.089517646,0.170321223,0.343891913,0.121706336,0.160993576,0.0359067
337,0.266327917,0.143494741,0.056464354,0.16400454,0.05294511,0.261342957,0.055420381
338,0.164485491,0.075285088,0.187980212,0.046967299,0.21975831,0.085899711,0.219623889
339,0.290367737,0.069195705,0.083324274,0.051880048,0.229518679,0.217416629,0.058296928
340,0.131997941,0.134243474,0.159104034,0.114471194,0.127226292,0.148408207,0.184548859
341,0.285988489,0.034147457,0.216374402,0.060981275,0.029924369,0.094121757,0.278462251
342,0.026549339,0.143602347,0.056120302,0.476883295,0.02107199,0.078595176,0.197177552
343,0.027515355,0.319598451,0.032801664,0.423326369,0.066070463,0.060521972,0.070165725
344,0.068692082,0.155496952,0.25536462,0.08932837,0.176413429,0.10096509,0.153739456
345,0.072949892,0.173868431,0.101312244,0.087119573,0.226960757,0.214455073,0.123334029
346,0.625339484,0.159662025,0.030929387,0.057837867,0.027498837,0.065671725,0.033060674
347,0.164485491,0.075285088,0.187980212,0.046967299,0.21975831,0.085899711,0.219623889
348,0.067455703,0.239815241,0.071923085,0.325037986,0.058466856,0.180611994,0.056689134
349,0.152226543,0.072447099,0.173105414,0.045196793,0.258182657,0.087496672,0.211344823
350,0.177983739,0.134877799,0.060017896,0.051321529,0.057211418,0.19630656,0.322281059
351,0.087202111,0.199844255,0.118449619,0.044530183,0.111155708,0.190504434,0.24831369
352,0.094884007,0.120781747,0.056114691,0.241314823,0.126157535,0.266766295,0.093980901
353,0.289673295,0.078051394,0.163202587,0.049842947,0.164560158,0.095821414,0.158848203
354,0.506299179,0.157662863,0.064591255,0.064855363,0.040360089,0.136137214,0.030094038
355,0.048000895,0.240730794,0.083674377,0.380259906,0.079707281,0.119796698,0.047830049
356,0.164485491,0.075285088,0.187980212,0.046967299,0.21975831,0.085899711,0.219623889
357,0.074871381,0.07094549,0.060215472,0.660654517,0.024400104,0.069809523,0.039103513
358,0.091408899,0.418111775,0.041901933,0.134644,0.076555686,0.194218675,0.043159032
359,0.050483467,0.409906681,0.077454958,0.140794346,0.11630645,0.112446572,0.092607526
360,0.053175085,0.133999812,0.046145491,0.324990013,0.040652772,0.32147768,0.079559146
361,0.317384551,0.085807968,0.066019164,0.057581811,0.167598958,0.076443157,0.229164392
362,0.113312381,0.063752602,0.162901382,0.048890551,0.41025756,0.049193045,0.151692478
363,0.135811842,0.157993577,0.172008768,0.157144641,0.087032909,0.125003843,0.165004421
364,0.326253107,0.081606294,0.043142061,0.228552274,0.027364997,0.259897738,0.033183528
365,0.122197195,0.233932831,0.119662553,0.088756226,0.128459651,0.141718378,0.165273166
366,0.103961718,0.051902624,0.078424534,0.032963791,0.080310757,0.562602904,0.089833671
367,0.115249571,0.053150728,0.262136992,0.048811492,0.35074018,0.106922465,0.062988573
368,0.072947617,0.241039683,0.225573311,0.188599694,0.117842318,0.09324543,0.060751948
369,0.122887985,0.262491346,0.134372535,0.059334315,0.168568927,0.140241528,0.112103364
370,0.155493209,0.11311041,0.212336434,0.053283931,0.19595228,0.081203646,0.18862009
371,0.070624507,0.067785902,0.232505931,0.054438484,0.163598523,0.08242402,0.328622634
372,0.164485491,0.075285088,0.187980212,0.046967299,0.21975831,0.085899711,0.219623889
373,0.159654416,0.10244473,0.182459078,0.045587831,0.213303827,0.083376765,0.213173354
374,0.164485491,0.075285088,0.187980212,0.046967299,0.21975831,0.085899711,0.219623889
375,0.155990022,0.115050066,0.147572098,0.069515739,0.15882411,0.252432052,0.100615913
376,0.034226356,0.596801312,0.072483066,0.173235107,0.023626559,0.057145555,0.042482045
377,0.114508563,0.094272104,0.133327059,0.032151403,0.110258183,0.047157038,0.468325649
378,0.162938681,0.074577112,0.186212459,0.046525622,0.217691718,0.085091916,0.226962493
379,0.538713967,0.038722557,0.034561201,0.038784151,0.021779948,0.307753201,0.019684976
380,0.067326813,0.111101848,0.14933011,0.364378202,0.038412296,0.197231724,0.072219008
381,0.058926065,0.105911872,0.136948265,0.183195901,0.05438643,0.124677534,0.335953933
382,0.093696877,0.052355205,0.254133932,0.279905669,0.098029286,0.156908462,0.064970567
383,0.051339939,0.114688486,0.105232954,0.449122213,0.041061206,0.133234684,0.105320517
384,0.143847039,0.120963884,0.160748378,0.046073724,0.215577302,0.097344234,0.215445439
385,0.189099712,0.094251719,0.103470942,0.061994132,0.191013997,0.150006319,0.21016318
386,0.044495797,0.744764891,0.019916936,0.069659099,0.029032902,0.05023478,0.041895594
387,0.074557652,0.120757342,0.069231053,0.07437479,0.193703998,0.238359751,0.229015415
388,0.117923555,0.088307094,0.200613991,0.045196691,0.233187484,0.100764524,0.214006661
389,0.097570732,0.324543905,0.093831455,0.18097108,0.052969049,0.146330528,0.103783251
390,0.066393426,0.092378571,0.27918633,0.162871952,0.180386957,0.180256679,0.038526084
391,0.082113748,0.298598229,0.035919281,0.349365326,0.028312087,0.167158753,0.038532577
392,0.134656496,0.097311955,0.143805665,0.078341161,0.27191442,0.192414567,0.081555736
393,0.162314081,0.079275849,0.17326488,0.06739632,0.136594792,0.119696985,0.261457093
394,0.134959146,0.28446729,0.113050414,0.209014265,0.074228406,0.098405004,0.085875476
395,0.255477288,0.114204369,0.248826918,0.061189289,0.132702271,0.152153485,0.035446381
396,0.073164573,0.211566716,0.094624885,0.453838169,0.027332034,0.061956144,0.077517479
397,0.061677237,0.448283482,0.063396204,0.254126267,0.033411979,0.09367081,0.04543402
398,0.105168407,0.10699542,0.131598291,0.112369983,0.186295282,0.255233913,0.102338704
399,0.160028481,0.077175945,0.182886573,0.050057753,0.213803591,0.102374844,0.213672812
400,0.091632277,0.233997364,0.157319274,0.066371587,0.142336907,0.105215661,0.20312693
401,0.213860292,0.186473719,0.136391319,0.074458799,0.250775387,0.087547644,0.050492839
402,0.201162002,0.078885335,0.19553373,0.052654161,0.186790557,0.126881691,0.158092525
403,0.137363624,0.076491372,0.193966327,0.063288539,0.22327947,0.087276071,0.218334597
404,0.130897833,0.075395613,0.225756965,0.069092929,0.171073637,0.061987953,0.26579507
405,0.143780919,0.059287572,0.229732845,0.039676561,0.402896684,0.089683661,0.034941757
406,0.068960806,0.047744182,0.42803585,0.065940502,0.268491897,0.042865002,0.077961761
407,0.156593672,0.07556285,0.188673759,0.047140584,0.220569101,0.09102585,0.220434184
408,0.059490465,0.163649388,0.140792331,0.350435905,0.050128037,0.117164993,0.11833888
409,0.160766356,0.087843513,0.144268325,0.060250891,0.160259116,0.162235829,0.224375969
410,0.065560226,0.067642489,0.052520648,0.04164451,0.095021075,0.622447419,0.055163634
411,0.033908929,0.226089148,0.043522448,0.119454196,0.021513405,0.364817325,0.190694549
412,0.2698903,0.046999522,0.382769777,0.042858474,0.123499312,0.098701345,0.035281271
413,0.124849466,0.099980036,0.166069672,0.057616941,0.215531915,0.141926934,0.194025035
414,0.161978536,0.074137654,0.185115169,0.061492654,0.216408932,0.084590497,0.216276559
415,0.178500922,0.224875063,0.167242017,0.068302768,0.120812456,0.077213656,0.163053119
416,0.041275114,0.084940877,0.069232585,0.600664393,0.066859768,0.081157282,0.05586998
417,0.043459603,0.076661881,0.067298861,0.024434464,0.19749209,0.296669331,0.29398377
418,0.14118654,0.071644163,0.172180982,0.07569536,0.261089618,0.077176073,0.201027264
419,0.160555714,0.160331308,0.09315135,0.050693889,0.129241533,0.103786259,0.302239947
420,0.048574984,0.115940238,0.065355611,0.096849867,0.462550855,0.161592614,0.049135831
421,0.14071059,0.076947438,0.217108749,0.073459414,0.14115346,0.164772517,0.185847832
422,0.080167667,0.037389426,0.186251833,0.024314727,0.494329582,0.033979814,0.143566951
423,0.097761849,0.077994823,0.132675463,0.056600923,0.505692912,0.077647343,0.051626686
424,0.181000181,0.153791058,0.155332252,0.045068046,0.181591206,0.074916401,0.208300856
425,0.109484772,0.265330485,0.060233508,0.237721284,0.073981792,0.189463777,0.063784383
426,0.058681065,0.21199579,0.047446785,0.443857325,0.06006285,0.130386289,0.047569895
427,0.164485491,0.075285088,0.187980212,0.046967299,0.21975831,0.085899711,0.219623889
428,0.121973538,0.193663227,0.134785296,0.052976251,0.23565963,0.116894947,0.144047112
429,0.068317159,0.356214564,0.066716096,0.217834425,0.082688639,0.124428778,0.083800339
430,0.075076142,0.041218169,0.11361699,0.03267293,0.464003251,0.217274184,0.056138334
431,0.12957282,0.155071661,0.091634893,0.143613512,0.161309086,0.164347517,0.154450512
432,0.184478994,0.159432328,0.188196792,0.048915108,0.110705427,0.104799131,0.203472221
433,0.068522967,0.210290637,0.117723217,0.235690758,0.134723713,0.185487092,0.047561616
434,0.450720564,0.294408987,0.053557198,0.035175323,0.043202561,0.084870255,0.038065113
435,0.073198724,0.066883817,0.103657915,0.058948104,0.365723013,0.158773369,0.172815058
436,0.095159679,0.108448009,0.0981459,0.199430893,0.154061828,0.270814476,0.073939215
437,0.088909273,0.12565184,0.258941193,0.151372749,0.190559529,0.080477586,0.104087829
438,0.08996104,0.048166091,0.111175272,0.154958844,0.212725103,0.172393312,0.210620339
439,0.045587446,0.304396788,0.105295553,0.384322363,0.035211564,0.065613643,0.059572643
440,0.137093111,0.293984989,0.131844384,0.050782619,0.146631204,0.123270312,0.11639338
441,0.077652228,0.066508263,0.170833517,0.042683157,0.279696687,0.078064332,0.284561816
442,0.114590733,0.111536015,0.096467575,0.391119729,0.112775441,0.044081963,0.129428545
443,0.113289355,0.103452126,0.052786533,0.439083801,0.071803362,0.126447489,0.093137335
444,0.200990208,0.069242193,0.191987092,0.052529886,0.226353421,0.079004813,0.179892386
445,0.461627225,0.06794329,0.044722432,0.038373499,0.209785427,0.085410601,0.092137526
446,0.096936243,0.053203367,0.061675893,0.120214525,0.396606334,0.215900146,0.055463493
447,0.063675661,0.108834628,0.151629915,0.101404033,0.047273132,0.089057798,0.438124834
448,0.089062724,0.282199158,0.15899912,0.033341879,0.107175376,0.116064849,0.213156893
449,0.026657432,0.0874635,0.045488812,0.446408559,0.019662991,0.220786332,0.153532374
450,0.141105218,0.077808,0.269914984,0.060429051,0.173352287,0.139072659,0.138317801
451,0.09547355,0.166682943,0.122286837,0.150242626,0.04176409,0.286853445,0.136696508
452,0.188686662,0.176214658,0.137720559,0.102792207,0.160815769,0.13126036,0.102509785
453,0.162757826,0.078492209,0.186005771,0.046473981,0.217450089,0.091503045,0.21731708
454,0.08993084,0.123215753,0.116818213,0.060622884,0.168654633,0.339534395,0.101223281
455,0.137591502,0.16206973,0.149834549,0.04167145,0.177132199,0.147986004,0.183714566
456,0.087561495,0.129995668,0.378193315,0.094007961,0.123331656,0.097458062,0.089451842
457,0.162522245,0.074386509,0.18573654,0.046406713,0.217135345,0.084874439,0.22893821
458,0.110119787,0.085481773,0.085173,0.099123549,0.125496058,0.426104273,0.068501561
459,0.027266176,0.04360091,0.171249528,0.032929462,0.313553451,0.097863324,0.31353715
460,0.175788111,0.176057293,0.222250466,0.038666426,0.171644536,0.072320146,0.143273022
461,0.519257898,0.077228235,0.098030025,0.144225046,0.035431192,0.089541736,0.036285869
462,0.104060383,0.080100664,0.18596678,0.064520131,0.242179104,0.105901412,0.217271526
463,0.164846203,0.259189,0.087098963,0.247446549,0.065832248,0.097342615,0.078244422
464,0.15321873,0.081264118,0.120364885,0.065318428,0.237211189,0.119406618,0.223216031
465,0.159876453,0.113587352,0.154466573,0.044956772,0.218100656,0.104034429,0.204977764
466,0.282227358,0.128763415,0.076342286,0.394028283,0.027665858,0.069769245,0.021203554
467,0.095017828,0.152454729,0.136031966,0.129633508,0.12004434,0.10026176,0.266555869
468,0.08772077,0.050845711,0.476188198,0.033010963,0.247173567,0.054695602,0.050365189
469,0.144152148,0.287356624,0.108672428,0.197139622,0.094923263,0.096836259,0.070919654
470,0.160333497,0.077281797,0.183137412,0.076030335,0.205564345,0.083686738,0.213965876
471,0.130003776,0.087610613,0.232732288,0.067820116,0.255201093,0.152785157,0.073846957
472,0.171820093,0.084468958,0.117332753,0.073918535,0.155955656,0.304349993,0.092154012
473,0.101204831,0.374678771,0.133673438,0.034643699,0.161847933,0.081621324,0.112330004
474,0.164485491,0.075285088,0.187980212,0.046967299,0.21975831,0.085899711,0.219623889
475,0.164485491,0.075285088,0.187980212,0.046967299,0.21975831,0.085899711,0.219623889
476,0.085675656,0.18708501,0.103095859,0.137432444,0.164335021,0.135691053,0.186684957
477,0.205418337,0.025658477,0.288143624,0.032553733,0.360606303,0.048197963,0.039421563
478,0.048908492,0.188022396,0.036420612,0.492733311,0.055526585,0.143601284,0.03478732
479,0.076870422,0.452205869,0.048815695,0.183258716,0.042216049,0.074798641,0.121834609
480,0.05916506,0.347290757,0.138289819,0.138110929,0.171065213,0.109053946,0.037024276
481,0.084088555,0.396615361,0.119816424,0.15006555,0.061969754,0.079115237,0.108329119
482,0.062009128,0.047626966,0.293569358,0.051588463,0.085087542,0.207156746,0.252961795
483,0.062298441,0.337444002,0.061081034,0.310975642,0.044674473,0.112740141,0.070786267
484,0.338445257,0.070950509,0.225084093,0.038013329,0.062655751,0.215752094,0.049098968
485,0.065511659,0.124679844,0.328766906,0.119561545,0.144567341,0.171621424,0.045291282
486,0.714451993,0.050085853,0.036408721,0.052464273,0.031417494,0.07739976,0.037771906
487,0.711849911,0.048015436,0.034903681,0.022687499,0.030118778,0.116214179,0.036210516
488,0.145867823,0.0491226,0.073989069,0.034489483,0.299401511,0.06776666,0.329362855
489,0.212295291,0.081472637,0.133217013,0.082506454,0.16605541,0.243408739,0.081044458
490,0.205109209,0.059195176,0.172983781,0.043279851,0.224451076,0.107436976,0.187543932
491,0.101840811,0.258818379,0.227038605,0.109343078,0.101883941,0.155890345,0.04518484
492,0.075300492,0.053952503,0.142895354,0.058511304,0.088672277,0.119828523,0.460839548
493,0.15366507,0.119875208,0.123625902,0.08491077,0.286582468,0.09766221,0.133678372
494,0.128154766,0.076971636,0.071736349,0.062245457,0.049007771,0.553836437,0.058047583
495,0.06452066,0.161245524,0.150760491,0.064957335,0.234458921,0.15435632,0.169700749
496,0.104901503,0.097028132,0.414391363,0.104699264,0.062147036,0.155244949,0.061587753
497,0.077531328,0.199976939,0.119420236,0.24534347,0.054978549,0.182419801,0.120329678
498,0.061759358,0.325672723,0.264699447,0.04500515,0.074763905,0.079370366,0.14872905
499,0.155364708,0.08216015,0.187409012,0.295326997,0.069215478,0.12990321,0.080620444
500,0.132952905,0.278058065,0.189683813,0.069932887,0.097287361,0.181468473,0.050616495
501,0.035913337,0.257303808,0.047227524,0.235621022,0.026699631,0.258551525,0.138683153
502,0.641640347,0.069319443,0.057618629,0.03108742,0.038388058,0.11169964,0.050246464
503,0.12079433,0.062664783,0.147853425,0.04247011,0.24034974,0.071500038,0.314367573
504,0.147518401,0.153008196,0.123940372,0.093741204,0.204396636,0.111532231,0.16586296
505,0.028236936,0.543618049,0.066427117,0.07305862,0.046004755,0.188395567,0.054258955
506,0.059096502,0.335285721,0.109203087,0.181920677,0.046289155,0.148758783,0.119446076
507,0.083073191,0.031919152,0.124595729,0.641035799,0.020481344,0.057281687,0.041613099
508,0.13250973,0.090655938,0.050218286,0.584579062,0.032271995,0.07152039,0.038244599
509,0.168353307,0.13414271,0.264693076,0.059532168,0.206338516,0.097602514,0.069337708
510,0.313444889,0.034535047,0.1005846,0.043294785,0.103963476,0.151801235,0.252375968
511,0.127726132,0.197942662,0.205788335,0.069845915,0.163758287,0.073478033,0.161460635
512,0.075351084,0.059582039,0.133209853,0.05743474,0.0735071,0.092128009,0.508787176
513,0.0866234,0.137181406,0.08811413,0.058007917,0.225817002,0.126666181,0.277589964
514,0.151981611,0.05780853,0.18690068,0.030553138,0.109159516,0.069396401,0.394200125
515,0.082385038,0.424716985,0.070818233,0.15268181,0.040005242,0.180911432,0.04848126
516,0.234702526,0.070976371,0.191812588,0.047178448,0.288069848,0.092569236,0.074690983
517,0.133825471,0.135682521,0.163297769,0.076916163,0.249731938,0.059688894,0.180857245
518,0.162034717,0.052802132,0.139754877,0.138655298,0.21921885,0.131894538,0.155639587
519,0.053278833,0.036624555,0.096439695,0.024545301,0.133938612,0.142626034,0.51254697
520,0.119210828,0.067664824,0.196430972,0.046955916,0.139118157,0.19844691,0.232172393
521,0.449817192,0.043785165,0.117849639,0.02731578,0.141173828,0.102071632,0.117986764
522,0.216280038,0.100802101,0.071547891,0.110238367,0.049644411,0.373703306,0.077783885
523,0.332502333,0.149344244,0.089033365,0.046443286,0.165520637,0.098537141,0.118618994
524,0.164485491,0.075285088,0.187980212,0.046967299,0.21975831,0.085899711,0.219623889
525,0.116053765,0.118131335,0.247455662,0.079825579,0.259062616,0.096604314,0.08286673
526,0.145185118,0.076822961,0.184439927,0.053599092,0.317843091,0.088552368,0.133557443
527,0.158691964,0.102834165,0.181359151,0.045313012,0.212017957,0.08789548,0.211888271
528,0.291374458,0.043909541,0.188207246,0.0360746,0.128366001,0.128722331,0.183345823
529,0.200318386,0.064997173,0.051491015,0.034050448,0.415036113,0.085280971,0.148825895
530,0.109210468,0.118440678,0.295649743,0.075804175,0.038553094,0.057932562,0.304409279
531,0.164485491,0.075285088,0.187980212,0.046967299,0.21975831,0.085899711,0.219623889
532,0.157704499,0.101306725,0.192330811,0.04503105,0.21069867,0.082358454,0.21056979
533,0.451965867,0.15028871,0.098723729,0.057418291,0.069374155,0.091969697,0.080259552
534,0.164485491,0.075285088,0.187980212,0.046967299,0.21975831,0.085899711,0.219623889
535,0.125992354,0.130715579,0.175556032,0.12737108,0.110937669,0.275014377,0.05441291
536,0.094667596,0.032350418,0.066608591,0.071546421,0.019523524,0.607940184,0.107363266
537,0.046381702,0.074148512,0.042512314,0.526970718,0.030578026,0.12472354,0.154685188
538,0.106898335,0.145014073,0.211063215,0.059952417,0.22524027,0.133149003,0.118682687
539,0.377878399,0.042573765,0.218606496,0.08025673,0.076921749,0.095400147,0.108362715
540,0.314034796,0.037299835,0.220246442,0.043615101,0.124193579,0.051807213,0.208803033
541,0.045802915,0.429425066,0.064795515,0.020779583,0.350106989,0.024519048,0.064570883
542,0.246670506,0.073921867,0.111381288,0.041532235,0.345835097,0.113974053,0.066684955
543,0.037986883,0.106029086,0.191914982,0.186776476,0.136360976,0.296565082,0.044366515
544,0.170516562,0.074741651,0.186623297,0.046628271,0.218172009,0.085279653,0.218038558
545,0.055957987,0.15991686,0.05835696,0.382949489,0.152983685,0.144016661,0.045818358
546,0.277934284,0.045477855,0.147215828,0.053009652,0.124068733,0.16368895,0.188604696
547,0.141526919,0.093281023,0.138567801,0.084698813,0.099886018,0.105413457,0.33662597
548,0.104336884,0.116362628,0.163975153,0.133880696,0.164997602,0.103841214,0.212605823
549,0.122905405,0.157044221,0.134977896,0.305138847,0.065118546,0.104689632,0.110125452
550,0.539272794,0.175451822,0.093870033,0.036217936,0.032920898,0.092029574,0.030236942
551,0.13427724,0.047737613,0.064241294,0.027504351,0.084925062,0.08754323,0.553771209
552,0.081052005,0.273260233,0.066227147,0.095491801,0.300156637,0.146923885,0.036888293
553,0.216576549,0.024796174,0.092844356,0.032540094,0.252911158,0.351729839,0.028601831
554,0.091936417,0.191166455,0.157718807,0.278366387,0.077729021,0.089665151,0.113417763
555,0.035284501,0.116982786,0.178541663,0.104697072,0.176283554,0.352700256,0.035510169
556,0.041945388,0.163179958,0.040607618,0.410749805,0.115678054,0.193270198,0.03456898
557,0.084373667,0.140625437,0.09937296,0.111738388,0.237961893,0.17783566,0.148091996
558,0.053530854,0.031939672,0.041713553,0.723723897,0.05517118,0.028484806,0.065436039
559,0.056273934,0.057580788,0.265334157,0.051097466,0.299584423,0.104562324,0.165566907
560,0.208155884,0.031877946,0.151611818,0.043302331,0.263723456,0.065517254,0.23581131
561,0.211319979,0.045236076,0.334578541,0.028220945,0.094952085,0.166672954,0.11901942
562,0.286987213,0.110965727,0.113962387,0.057080141,0.156651232,0.106448988,0.167904312
563,0.157922038,0.05550334,0.179898262,0.058591144,0.130142299,0.079797634,0.338145283
564,0.114693162,0.077527541,0.174636846,0.115632309,0.258114799,0.074584535,0.184810808
565,0.409501413,0.033352067,0.092900048,0.042964376,0.311131702,0.042003679,0.068146714
566,0.123134171,0.072124073,0.108195859,0.062993391,0.280028998,0.099158072,0.254365435
567,0.228616743,0.063392238,0.254126972,0.035478876,0.106869921,0.075722225,0.235793025
568,0.079032729,0.075916386,0.123258264,0.077613698,0.072633867,0.10649522,0.465049835
569,0.049614991,0.06006306,0.126608655,0.033596102,0.109755485,0.132649252,0.487712456
570,0.475148796,0.071256243,0.187670442,0.038949169,0.054440623,0.088179892,0.084354835
571,0.216196421,0.089624232,0.186506372,0.064719729,0.286020968,0.104678999,0.052253279
572,0.036152914,0.156498869,0.260746254,0.257713844,0.038614904,0.125068354,0.125204861
573,0.220091118,0.032269515,0.127656476,0.028498373,0.166051565,0.09900575,0.326427204
574,0.149033482,0.204541389,0.088175651,0.050288079,0.214470125,0.090290824,0.203200451
575,0.164485491,0.075285088,0.187980212,0.046967299,0.21975831,0.085899711,0.219623889
576,0.358108116,0.142545082,0.144763886,0.044553252,0.121552031,0.16010973,0.028367903
577,0.056623068,0.229567565,0.140476349,0.146797769,0.101306579,0.16702926,0.158199411
578,0.140726639,0.127048404,0.236519775,0.046296803,0.188015662,0.07349206,0.187900657
579,0.296248851,0.040112124,0.194906789,0.050811215,0.12051529,0.109065415,0.188340317
580,0.172603882,0.334765233,0.139476606,0.044860742,0.095182022,0.106217547,0.106893968
581,0.110324037,0.20039078,0.155075006,0.058381703,0.268892602,0.123257905,0.083677965
582,0.11121223,0.324296213,0.039466462,0.209565178,0.046305012,0.233466648,0.035688256
583,0.078037124,0.048853781,0.038966964,0.721787433,0.027959445,0.038056751,0.046338501
584,0.13665741,0.276347767,0.098692488,0.236149705,0.077220009,0.098222478,0.076710144
585,0.172418197,0.074570302,0.186195453,0.046521373,0.217671838,0.085084145,0.217538693
586,0.134433771,0.08230166,0.242576846,0.053600134,0.193447435,0.141805166,0.151834987
587,0.140252173,0.138052641,0.41026452,0.071633174,0.1042718,0.06950307,0.066022621
588,0.169065699,0.075957693,0.268483504,0.039531957,0.251522596,0.103478444,0.091960107
589,0.107987745,0.169788052,0.130937656,0.065108739,0.210655164,0.265733094,0.049789549
590,0.084808004,0.317511149,0.20010792,0.113386577,0.048537258,0.187977677,0.047671414
591,0.073013688,0.408343787,0.069341686,0.226024995,0.03170724,0.126977754,0.06459085
592,0.134671754,0.220644113,0.148394704,0.038454264,0.179926125,0.079631894,0.198277146
593,0.288342344,0.033663721,0.24004737,0.037676519,0.123278972,0.097934768,0.179056306
594,0.118455958,0.052813605,0.155868437,0.050327553,0.325107232,0.117913519,0.179513696
595,0.140442667,0.085856298,0.167053133,0.062782934,0.263303081,0.077830356,0.202731531
596,0.121405049,0.17766034,0.173265076,0.262244895,0.051164662,0.169516478,0.044743501
597,0.103041019,0.089872534,0.092310966,0.223973497,0.209184995,0.229295845,0.052321145
598,0.349416854,0.037694369,0.320044488,0.049515048,0.09644236,0.052368076,0.094518805
599,0.080913143,0.120410032,0.157661904,0.18231677,0.031191854,0.394638144,0.032868154
600,0.055259792,0.312999919,0.033735446,0.32031819,0.039559966,0.183766553,0.054360132
601,0.164485491,0.075285088,0.187980212,0.046967299,0.21975831,0.085899711,0.219623889
602,0.375459184,0.194622367,0.104689396,0.053324868,0.073566289,0.113228427,0.085109468
603,0.09576593,0.143607962,0.379233558,0.063735941,0.138712343,0.136866891,0.042077375
604,0.320591206,0.048359196,0.300793277,0.093066724,0.041041128,0.098883254,0.097265215
605,0.137667847,0.296178131,0.099422214,0.223419025,0.069864987,0.092620397,0.0808274
606,0.163442197,0.23802268,0.112046807,0.169372876,0.090010572,0.181064394,0.046040474
607,0.221903224,0.084278329,0.120801107,0.053247534,0.202309544,0.163173782,0.154286479
608,0.288771986,0.204609545,0.118618494,0.067522562,0.105324283,0.078514964,0.136638166
609,0.051460055,0.148582193,0.401502814,0.095243307,0.130672066,0.111612252,0.060927312
610,0.070097944,0.042918181,0.135456714,0.035638188,0.074267058,0.032951977,0.608669938
611,0.103820453,0.117767624,0.158090101,0.05793521,0.199072821,0.106490095,0.256823695
612,0.20030625,0.119584049,0.112689678,0.060605448,0.170503079,0.072399446,0.263912049
613,0.16775801,0.06439984,0.124887031,0.32468593,0.124466454,0.071075014,0.122727722
614,0.063977118,0.432035399,0.108485435,0.160295106,0.083219182,0.094301217,0.057686544
615,0.074801722,0.056636514,0.077716306,0.018631199,0.027497142,0.046913928,0.697803189
616,0.144584927,0.103743024,0.1710358,0.133166183,0.123983715,0.2450622,0.07842415
617,0.162789349,0.074508763,0.196353598,0.046482982,0.217492206,0.08501393,0.217359171
618,0.141922239,0.290062416,0.102494689,0.214688702,0.072024047,0.095482673,0.083325234
619,0.051133846,0.356535794,0.067049545,0.32569963,0.03158539,0.091042176,0.076953618
620,0.184969033,0.191007722,0.137693998,0.118762015,0.118874776,0.143505082,0.105187374
621,0.309401114,0.085013519,0.095011711,0.046385907,0.154798696,0.090368069,0.219020984
622,0.164485491,0.075285088,0.187980212,0.046967299,0.21975831,0.085899711,0.219623889
623,0.072184405,0.528591398,0.063615344,0.10547783,0.048816609,0.141548465,0.039765949
624,0.08736404,0.089831684,0.140276081,0.31131726,0.099598746,0.177123101,0.094489088
625,0.164485491,0.075285088,0.187980212,0.046967299,0.21975831,0.085899711,0.219623889
626,0.085028998,0.224909797,0.091811307,0.121873447,0.215537309,0.169622035,0.091217107
627,0.053645917,0.145328868,0.224466547,0.151506653,0.125380763,0.255996405,0.043674845
628,0.152575911,0.1055446,0.306377098,0.051265755,0.174964466,0.148483743,0.060788427
629,0.37072498,0.164990268,0.115967439,0.071242154,0.080571206,0.112235088,0.084268866
630,0.063715796,0.263917019,0.086369281,0.33738788,0.035529219,0.163246786,0.04983402
631,0.168656008,0.060900523,0.051053982,0.045746419,0.259176157,0.131267741,0.28319917
632,0.078270427,0.289672244,0.08688478,0.197869542,0.072654883,0.229117971,0.045530154
633,0.325352262,0.050190284,0.037253071,0.033477831,0.469641471,0.060181868,0.023903213
634,0.164485491,0.075285088,0.187980212,0.046967299,0.21975831,0.085899711,0.219623889
635,0.134820018,0.123345921,0.098809764,0.086808604,0.313623941,0.100574929,0.142016823
636,0.16204665,0.082723973,0.185193012,0.052542857,0.216499934,0.084626068,0.216367506
637,0.167076183,0.059781511,0.293415249,0.055541494,0.134626043,0.069643255,0.219916265
638,0.164485491,0.075285088,0.187980212,0.046967299,0.21975831,0.085899711,0.219623889
639,0.291075966,0.034234227,0.366880845,0.041754174,0.078962558,0.094516804,0.092575426
640,0.047380563,0.131936845,0.128667386,0.128706282,0.033778298,0.458660948,0.070869678
641,0.100052691,0.117588424,0.314839564,0.125264405,0.154296973,0.076386043,0.1115719
642,0.084548511,0.19687362,0.258402622,0.148623128,0.046314692,0.168514034,0.096723392
643,0.046043494,0.268258685,0.040326027,0.521996355,0.028314774,0.061424116,0.03363655
644,0.339050396,0.302263642,0.087916615,0.04478144,0.061779887,0.092734341,0.071473679
645,0.035998976,0.105593542,0.093056202,0.324406893,0.076074588,0.179960064,0.184909735
646,0.041867638,0.132642594,0.105957738,0.424849502,0.067748697,0.194572264,0.032361567
647,0.145271001,0.068341982,0.276087637,0.07064904,0.141986527,0.073463229,0.224200583
648,0.045231152,0.3147777,0.051552526,0.303482596,0.059044053,0.153076203,0.072835769
649,0.039818111,0.41099613,0.062120202,0.19813183,0.080013637,0.085163324,0.123756766
650,0.164485491,0.075285088,0.187980212,0.046967299,0.21975831,0.085899711,0.219623889
651,0.231207029,0.028666478,0.202275651,0.085476613,0.281714295,0.046593641,0.124066293
652,0.147688495,0.101121143,0.22168425,0.039728523,0.253787091,0.071449532,0.164540967
653,0.56123099,0.058459278,0.039943499,0.090031873,0.037671782,0.160213202,0.052449377
654,0.28429507,0.069692141,0.12375356,0.049229438,0.249535903,0.14018235,0.083311538
655,0.202757331,0.12104736,0.114068624,0.040070171,0.181629688,0.073285374,0.267141453
656,0.107109103,0.062548464,0.201217962,0.050497481,0.182094567,0.17184052,0.224691902
657,0.054224985,0.082174473,0.111753238,0.432117735,0.037001258,0.2432304,0.03949791
658,0.04213064,0.723313485,0.103860854,0.026361815,0.029805895,0.039817745,0.034709565
659,0.233540287,0.258508064,0.10092918,0.141413925,0.038864027,0.11718578,0.109558736
660,0.5180807,0.098369307,0.049378691,0.07975363,0.034823765,0.178025497,0.04156841
661,0.275722416,0.045188183,0.238795005,0.038844549,0.308026896,0.049479337,0.043943615
662,0.124479026,0.172527643,0.190708224,0.057316741,0.208206098,0.124370914,0.122391353
663,0.233602874,0.068639047,0.119837723,0.072461054,0.095993601,0.259945311,0.14952039
664,0.186181984,0.064892657,0.117362866,0.05080055,0.335578956,0.122716655,0.122466331
665,0.06737591,0.099262327,0.220942576,0.316719015,0.049477241,0.113477527,0.132745404
666,0.335255943,0.050724021,0.032323767,0.464284927,0.02235259,0.077618095,0.017440657
667,0.120511196,0.072552821,0.194306025,0.045262749,0.228490925,0.1576584,0.181217883
668,0.042131527,0.284707059,0.0326835,0.212287028,0.119285845,0.268715672,0.040189369
669,0.087390688,0.029797854,0.292812252,0.021857366,0.084120363,0.060101996,0.423919481
670,0.085096997,0.261640822,0.152574846,0.094481353,0.112048201,0.101359711,0.19279807
671,0.055174958,0.143865722,0.03563899,0.466594988,0.044941976,0.219741014,0.034042353
672,0.06803434,0.116230265,0.089252076,0.129481549,0.230085353,0.08262073,0.284295686
673,0.085072658,0.135387183,0.288583944,0.120600246,0.043103176,0.187655784,0.139597009
674,0.072692338,0.207913608,0.108598443,0.203450699,0.074950786,0.143691814,0.188702313
675,0.02581151,0.317102315,0.034214884,0.449502603,0.028167101,0.111110303,0.034091285
676,0.134454971,0.252813742,0.192268344,0.106894996,0.095076929,0.106671078,0.11181994
677,0.053251851,0.267780406,0.050199538,0.40663707,0.035760823,0.1486125,0.037757811
678,0.048815182,0.46521763,0.034927845,0.074946234,0.027750524,0.085833057,0.262509529
679,0.163744643,0.070201119,0.164762058,0.092161126,0.254000564,0.080386095,0.174744395
680,0.672282393,0.088170178,0.058700167,0.025972019,0.053220524,0.060488801,0.041165917
681,0.433879152,0.154555997,0.086642795,0.113907552,0.06764075,0.09928797,0.044085784
682,0.078486365,0.219202915,0.108451659,0.306354888,0.041064313,0.198463419,0.04797644
683,0.058105206,0.064769203,0.296621686,0.038940318,0.160698369,0.241856821,0.139008397
684,0.153086853,0.081942481,0.174953419,0.053719904,0.204529335,0.147819628,0.18394838
685,0.134534437,0.113568909,0.182378249,0.041588643,0.30413236,0.137223191,0.086574212
686,0.123561774,0.165443335,0.2371698,0.165044551,0.116232466,0.103149506,0.089398568
687,0.164485491,0.075285088,0.187980212,0.046967299,0.21975831,0.085899711,0.219623889
688,0.113279995,0.062087726,0.188081792,0.036198734,0.219681273,0.084654514,0.296015966
689,0.065958587,0.095667135,0.105882353,0.322684793,0.071614789,0.162500809,0.175691534
690,0.03700591,0.149821165,0.068129536,0.650261135,0.02061392,0.039825704,0.03434263
691,0.075254753,0.413154183,0.064636481,0.201960157,0.086282927,0.12946152,0.029249981
692,0.199075639,0.075143711,0.155195877,0.078419312,0.200470865,0.081310911,0.210383686
693,0.153812478,0.074263324,0.185428956,0.07698168,0.20813651,0.084733885,0.216643167
694,0.134468035,0.097134201,0.157213478,0.142556434,0.184640603,0.119275135,0.164712116
695,0.029687687,0.268821165,0.041732632,0.388195125,0.119213055,0.112290369,0.040059968
696,0.161264395,0.043916491,0.063222433,0.123528005,0.143566276,0.092662621,0.371839779
697,0.077632611,0.2350557,0.07386511,0.100817312,0.145774177,0.139438452,0.227416639
698,0.240291006,0.326651738,0.048472419,0.202590261,0.035894403,0.087672979,0.058427193
699,0.179255494,0.149132598,0.091450516,0.081558131,0.146634206,0.184154151,0.167814903
700,0.216503749,0.096249329,0.15667346,0.050854932,0.247869759,0.151290693,0.080558078
701,0.187018306,0.28655742,0.089415002,0.218527013,0.059728016,0.089654391,0.069099852
702,0.036572955,0.154975942,0.078342975,0.564374356,0.025684467,0.076933724,0.063115581
703,0.190519744,0.051429095,0.042537818,0.016857343,0.049279074,0.024759323,0.624617603
704,0.205012242,0.11207636,0.149210927,0.052175042,0.201452234,0.078744183,0.201329011
705,0.277609415,0.082105677,0.094217777,0.039100551,0.349915917,0.102454064,0.054596599
706,0.129716802,0.138976798,0.278987489,0.065596065,0.188113204,0.096862841,0.101746801
707,0.065729449,0.443611735,0.114941149,0.134535845,0.048991795,0.14517876,0.047011266
708,0.148396694,0.084693067,0.106518681,0.093746988,0.137720615,0.156327622,0.272596332
709,0.139590387,0.078681211,0.185677444,0.064419747,0.229850292,0.084847435,0.216933485
710,0.062790264,0.17236338,0.169350546,0.284531251,0.076944073,0.186300936,0.047719549
711,0.663965117,0.043326151,0.04934702,0.073322949,0.033476334,0.056555371,0.080007058
712,0.17662735,0.046605905,0.185846228,0.043698957,0.226171835,0.111041502,0.210008222
713,0.054405922,0.076854706,0.042248265,0.525119451,0.080073155,0.085912573,0.135385928
714,0.124539137,0.383913031,0.088374681,0.050225256,0.101355453,0.075622569,0.175969873
715,0.114389336,0.276409187,0.079564311,0.094203688,0.137328656,0.221061189,0.077043634
716,0.143808926,0.043786613,0.248674587,0.029231869,0.16277323,0.118787231,0.252937544
717,0.075420388,0.227221072,0.159450952,0.224986152,0.075645744,0.121488837,0.115786855
718,0.22347535,0.121288489,0.077859946,0.049451499,0.10887865,0.248235649,0.170810417
719,0.082774193,0.354656027,0.117523382,0.037114035,0.123966162,0.061299968,0.222666232
720,0.066993312,0.079009927,0.149741442,0.152278504,0.134325306,0.105687293,0.311964218
721,0.030773618,0.073394931,0.243081031,0.393299306,0.017678157,0.224257387,0.017515571
722,0.113150101,0.263483606,0.127170917,0.080884706,0.181581406,0.179976608,0.053752656
723,0.198352177,0.135875129,0.143893563,0.107247379,0.17512027,0.119989086,0.119522396
724,0.093367437,0.239289383,0.12751839,0.167048944,0.117611028,0.198576449,0.056588369
725,0.126699978,0.108728929,0.107071955,0.034958016,0.085045318,0.066640607,0.470855197
726,0.07195805,0.101320838,0.117275627,0.05850006,0.084683635,0.105510797,0.460750993
727,0.193489293,0.081607928,0.168499415,0.037381282,0.297426345,0.064306267,0.157289469
728,0.262314626,0.041514314,0.03888707,0.030295638,0.055651235,0.065299259,0.506037858
729,0.079917504,0.212863807,0.120432069,0.083109106,0.173591903,0.226219317,0.103866295
730,0.092532019,0.292622625,0.084260281,0.093230596,0.157392392,0.062442196,0.21751989
731,0.154606434,0.118066259,0.096430045,0.066756787,0.260567839,0.105509686,0.19806295
732,0.45380289,0.179741524,0.091213198,0.053930811,0.062427175,0.076728217,0.082156185
733,0.249065415,0.04479664,0.197381875,0.046911289,0.227916117,0.106309185,0.12761948
734,0.090619304,0.228188312,0.155627747,0.185534613,0.059756629,0.234921076,0.045352319
735,0.130769549,0.088717444,0.15888318,0.054535879,0.321618528,0.071497463,0.173977956
736,0.086689755,0.07684277,0.097984711,0.271746759,0.082331609,0.198912317,0.185492079
737,0.042948679,0.056472759,0.377260348,0.105100099,0.029090472,0.338151978,0.050975664
738,0.064505076,0.298164287,0.171301846,0.225429675,0.0441165,0.113764865,0.08271775
739,0.243613459,0.062340529,0.051540009,0.053046886,0.324876612,0.124748693,0.139833811
740,0.05721506,0.037380578,0.04048442,0.724483524,0.033117029,0.079330261,0.027989129
741,0.046669896,0.1643753,0.081600125,0.241947738,0.128752867,0.193303279,0.143350794
742,0.299734852,0.056516371,0.268847014,0.068650937,0.081528847,0.117493339,0.10722864
743,0.116805012,0.205278896,0.119494923,0.041262508,0.23167781,0.120061915,0.165418935
744,0.378346444,0.040015215,0.084011841,0.034063709,0.159995228,0.143282239,0.160285324
745,0.512735634,0.035178432,0.178425832,0.029475962,0.071586232,0.097496464,0.075101443
746,0.170929609,0.10055015,0.226603059,0.07790316,0.045244217,0.12979545,0.248974355
747,0.151802597,0.116513851,0.173485723,0.043345817,0.202813525,0.079276288,0.232762197
748,0.164104025,0.048289915,0.068086186,0.157686264,0.130514016,0.371432043,0.05988755
749,0.245031302,0.056141768,0.166567522,0.027210969,0.06667899,0.048358969,0.390010479
750,0.095379206,0.088613879,0.118023132,0.112227431,0.3105132,0.091627098,0.183616054
751,0.068956848,0.277087882,0.169436533,0.166085078,0.065594828,0.118480045,0.134358786
752,0.067280967,0.113031362,0.102430016,0.061714805,0.053867931,0.102691118,0.498983801
753,0.148885746,0.121134631,0.052800765,0.294987756,0.09902221,0.113447923,0.16972097
754,0.058866826,0.151694327,0.059866554,0.324354849,0.045607893,0.310674966,0.048934584
755,0.342065965,0.030566909,0.187559184,0.052882454,0.166615224,0.07698058,0.143329683
756,0.046012455,0.049436612,0.023165884,0.654790063,0.038443335,0.141333665,0.046817986
757,0.213308645,0.061710406,0.19410586,0.05497047,0.164068781,0.070411102,0.241424736
758,0.068627055,0.169244091,0.244894099,0.077792984,0.239693692,0.098657306,0.101090773
759,0.028760985,0.331810833,0.044425601,0.410054634,0.038354717,0.09897894,0.04761429
760,0.119456246,0.1134794,0.136210889,0.157080824,0.117295587,0.276296482,0.080180571
761,0.058633459,0.407150324,0.152526588,0.088086382,0.084705272,0.159678599,0.049219376
762,0.089386346,0.370567929,0.083470108,0.103275957,0.09414088,0.149154651,0.110004129
763,0.123377219,0.171474492,0.107424203,0.050833846,0.259719973,0.192390183,0.094780084
764,0.12398723,0.096544722,0.14662172,0.057875623,0.307957326,0.102889152,0.164124227
765,0.050411495,0.192093698,0.057900064,0.516794387,0.041852542,0.113202001,0.027745814
766,0.089424098,0.136494682,0.163236131,0.1072544,0.244497091,0.091103935,0.167989662
767,0.09936928,0.059670858,0.061982575,0.524489555,0.053692498,0.151985765,0.048809468
768,0.200432435,0.084624761,0.163241725,0.032167881,0.155357133,0.054293357,0.309882708
769,0.154074642,0.075251623,0.179009761,0.063975127,0.218274189,0.113620889,0.195793769
770,0.274866578,0.025570732,0.167832002,0.047690674,0.252202134,0.190782589,0.041055292
771,0.164485491,0.075285088,0.187980212,0.046967299,0.21975831,0.085899711,0.219623889
772,0.472314648,0.05003756,0.039652183,0.088969204,0.02914161,0.290355429,0.029529366
773,0.078050282,0.104321009,0.259824345,0.071820564,0.102990392,0.333814242,0.049179166
774,0.598430091,0.053438922,0.056660659,0.049665567,0.056221987,0.14941687,0.036165904
775,0.08193992,0.112083189,0.084787775,0.054689338,0.22688733,0.310228445,0.129384002
776,0.147784435,0.167643754,0.080487562,0.202085976,0.124996544,0.074287105,0.202714623
777,0.0779424,0.115474542,0.082239958,0.388649588,0.051797494,0.114585136,0.169310882
778,0.674918774,0.070160092,0.051143234,0.058255866,0.034168691,0.068842949,0.042510395
779,0.24877945,0.058207285,0.127276073,0.065233733,0.095758589,0.093126646,0.311618224
780,0.139983972,0.162393383,0.127788723,0.053320563,0.183950995,0.074994569,0.257567796
781,0.067019718,0.483223671,0.061285265,0.145583914,0.071241959,0.14359589,0.028049583
782,0.034041295,0.06218044,0.068734348,0.665699438,0.01874675,0.125077232,0.025520497
783,0.086732368,0.110545866,0.107291305,0.207157818,0.301797913,0.140132508,0.046342221
784,0.24925439,0.17435139,0.115797068,0.108324247,0.084479616,0.136102193,0.131691096
785,0.083606366,0.364868452,0.103649067,0.077721281,0.07449132,0.122275681,0.173387832
786,0.083880651,0.112387712,0.074433813,0.424758752,0.062739519,0.186685491,0.055114061
787,0.16114185,0.044719443,0.13850444,0.058440326,0.311078919,0.079447402,0.206667619
788,0.067978007,0.21831383,0.104603154,0.277679502,0.073835455,0.1544968,0.103093251
789,0.06720763,0.033610616,0.142615208,0.058727942,0.206331981,0.382421343,0.109085279
790,0.147795382,0.062185597,0.151761297,0.060916212,0.336538138,0.066987176,0.173816198
791,0.154805982,0.085145179,0.068457834,0.020951226,0.134002504,0.039637262,0.497000012
792,0.227088599,0.059185237,0.209766513,0.054451284,0.176010623,0.095770918,0.177726827
793,0.352857973,0.047065912,0.13322431,0.042634137,0.165932772,0.070781978,0.187502917
794,0.08329702,0.050637028,0.181830215,0.049226577,0.405259402,0.133245859,0.096503899
795,0.116574281,0.066895337,0.196808935,0.039532967,0.279133453,0.143333137,0.157721889
