PetID,AdoptionSpeed
8f20e24ef,2
2d72ef0c4,4
44cd12263,4
210c4a637,1
21493e6ea,2
65ba8b6a0,2
bef935312,3
157e3e074,2
0ac71c2c1,4
128293a4d,1
164857bd8,2
0c5d5968b,4
0e4049f6d,2
894d76b65,1
06adfc154,1
a322972da,1
0e52438a0,1
3bbbccce4,3
3625dd7cf,3
6a8ce175d,4
8ae60c34e,4
7b2336880,4
972a081f2,1
5f9abe87c,1
f45457bdc,4
e7c1eb9ec,4
e97e4eb52,2
4c40ad026,4
bba3070ad,4
2405c5660,4
344b9632c,4
771156bfd,3
c879064dc,4
ce2004c9e,4
6460390c0,3
8a6ba0a40,4
e825b8b9f,4
7575371db,4
01e5e057b,2
ad491b969,2
56b63bfb3,3
70900313d,1
90f09b568,3
19e701fea,1
267f0065c,4
5264f98c4,4
78c3c7f21,2
199da9e42,4
d8128cefd,4
505034c5a,3
fce6f8dff,1
c67b1fa40,4
cbe4be41b,1
b5a07b1cf,4
9e4e77074,2
3613869b2,4
eeb377c0b,4
f45171393,4
a5acfe9ed,3
9c714104f,2
d5a7d4dc9,2
eac772633,4
10516f3c6,4
0e80de8ac,3
4446dde7e,3
163133ac9,1
507e734af,4
ee7c25387,2
66eb1d49b,2
0b2e2526c,2
dbea554c3,2
693a90fda,2
7cfb6fe9c,1
3a64a5704,3
49c216bf8,4
31a2e04d7,2
48a2630a1,2
0073c33d0,3
b41cb9e51,2
046dcb8fb,2
6f85ce1a9,2
6eb34434d,2
b52b8d946,4
1f949d065,4
7a54b760e,3
55f8f6120,2
e50fb0c6c,2
78631549e,4
e3e2fcc71,2
2c4089e4f,4
586585da9,1
2e35d4d3b,4
6f2721c52,3
7d25e2e3b,4
1d1c1d51d,4
4f1d0410d,2
a01ab5b30,4
7e69c99bc,4
57184a406,1
ca8306c33,2
672bc370b,4
1a3da2ae5,1
8a99dadaf,2
33ddc2011,4
67dbd5ed9,2
2e726c62d,2
876dd37df,4
40d7cb083,2
8c10b6035,2
2e5d8fd10,4
23a1e62d8,4
bf5bf91a2,2
de6c0126b,3
1dfcfe139,2
3bf6cdab0,2
3d277ebe6,4
3ff4a6c99,4
166650836,3
c50926700,4
f0f6f4bd2,2
e77941c00,4
c8e941dbd,2
edc5c168a,4
308034707,3
a55a04a05,4
1e5b2baa8,1
026ebf139,2
785150e60,2
1ffb40e20,1
73704a89b,4
a6423eca8,4
c1c16ac86,1
ac1a70774,1
3653c9384,4
7cc040670,4
36e7f8d83,1
2c1c1b557,4
68f3cfdcb,3
53cab4731,1
68a4cd579,4
d8fceeb86,4
bf2f22377,4
8f2c9671d,1
9f40dbc58,4
1f72d4b56,2
0e922caab,2
805dcae38,4
ddbb99929,2
a46ad5cc3,0
47fc12331,4
d35b8c727,2
8d7eff0cc,3
907fc239e,4
43c43bfed,2
484346fbc,4
426bb5e4c,3
a09a76aba,2
610c05772,4
c1ca516d7,2
cdb4a7a7d,4
a8a2aecc3,1
9fe96f804,2
7d6cd8ac7,3
324266c95,3
30bfebc76,4
4370b5ff7,2
7a3471df7,4
517f1dc1d,4
3eaa698d3,4
b2056e185,4
03c6478b9,2
eb939ea9e,1
dcf366e02,1
be84c367d,4
f7ada8363,4
111748c15,2
1c3793826,3
a080c1037,4
ed7cde89e,4
c6e763332,3
a427984f4,1
50418fb29,3
8fcdf3368,1
519bc8382,4
9fd0556db,4
5a21eec6d,1
861af7cd5,1
f05665d6d,1
56f9dbc59,2
a77d17ef8,4
b16afc5dc,1
7bf5ab7bd,1
9acd96273,4
78ccb8039,2
b7e7c5c9b,1
d181cbafa,2
d18218a56,4
973278f56,2
88a264f0d,2
79bf5eb37,3
94563fe71,2
65b46ef09,2
f253bd6aa,3
b5aa169b4,3
5980b0699,2
eda903960,3
68b7c23f3,3
3d8760efc,1
05bde54cc,1
e1ecc1b26,2
66201cf73,4
937c2e14f,4
8693c4e7f,4
bedd7f1e7,4
853fc56da,4
ab293b191,2
04c4a7493,1
3d13aab91,1
305524cba,4
25dc712af,3
6c3222742,2
c4e0d125b,4
073f265c3,1
4ad9ea6f0,4
8d047d078,4
0e9c1385c,2
965054b9e,2
6f28d2ab3,2
90c5437de,4
fa773690e,2
5dace0494,3
094c2c3bf,4
c11df559d,4
af8fdab18,2
b23e29c89,4
9f3e23878,2
09898b12e,3
77322d6cb,2
7a72ba3d7,4
b1be2a9e8,4
63f2be2e0,1
5a358b56f,2
6fdb43f0b,3
19272319c,2
01c62e03b,2
9f2dd031a,4
7fe0a86f8,3
4ce620a7a,3
7bc54baef,2
10bbe5ea4,4
69262e404,4
06296e4e2,1
6ef02d7e9,2
3335796f3,4
473af1ce7,2
52da0c86c,1
42bec87cd,3
576dcc546,4
0833744e6,4
714b4fa64,2
9d4f21d40,4
0b6022baa,2
ab38d8710,1
0e6c32c9f,2
1b752d78e,1
a486e2ab6,2
29d752f7f,4
43e4cb788,2
63afbf2f2,4
9c777bb01,2
5ecdd04af,2
a032cd2e1,4
a6e902691,4
c60a12958,2
603892936,1
90a967a14,1
8bb1c8a6f,4
8d0f8ad16,2
2136a3c04,4
52c15bfee,4
75ca78a5a,2
ae0076e01,4
d4f813a7e,2
c49480455,4
4b8ab594e,4
534104c8e,2
91633ef0b,4
f861c3c77,4
4c9cd051a,4
2ba019cb8,1
72e093c41,1
369197890,2
1b932e373,4
10a3c8b71,2
b93abca0b,4
d0bc14f47,4
abe27623b,4
5da6b63bc,4
0627105f6,1
e257f17da,3
d8af1e7a3,2
af8138fea,2
7ac986fd4,4
4263cc9ed,2
ab8386c6d,4
380eaa884,2
ce0e8f18f,4
b2385d700,1
da6950564,4
bd9d521c5,3
6ac437438,1
51a0d55ba,3
31ac53fd2,2
ec4089e58,4
df59dd59f,2
4679d01e2,4
d350f881f,3
759e2e94e,2
936fc22ce,2
ed74a9822,4
1f58a286e,4
e129ff4a1,2
22987c7fb,3
b5974bdd0,2
142da3f69,4
1c2d419ac,4
95ee4775c,1
b75c41dd5,4
2ad565311,4
fc8c8d169,1
5c9d75ab9,4
53fba6573,1
d005caf41,4
70edbb1e3,2
8fc9d6c1a,4
451d17b57,4
24737dbd5,3
015da9e87,0
f895c20f3,2
f1fb9506a,4
7125e101b,2
49d1423d5,3
7d7fddaed,1
42eac4984,2
6c594bfb0,4
92f84c5b7,3
cea713af9,2
19d8b1d8e,3
8f7265ddf,2
3928a4b23,4
ad6387a7e,1
b5033c917,4
25c1c662b,2
f348564a5,4
af39d67a5,1
7395e5c70,1
fb3bd80d1,3
efbe1f3ef,2
a27a03914,3
c9d8b22d0,3
52ec30101,4
e9df3ead7,2
9a875f3f6,4
8e938a436,1
e4aadf23c,4
46bb277b5,2
13f07ee9a,2
1bea097f1,4
72b0f5c4d,2
bf7c0f270,1
3cf06742b,1
f19397eed,3
0719de933,4
3f568e3a2,3
998de7b77,4
cc09a719b,4
d8d014d03,3
c43ecb3e1,1
672cc8af8,2
a2b226c6c,4
6607c6e22,4
45d2ddcb8,2
3f1b7bea6,4
de0a86ccf,2
aa32ec730,2
e0be7da0d,2
b4446dca3,2
5d45dae82,1
ecfcb4430,4
8a030b8f0,3
94aecc3fb,4
30eb1004f,2
6be26ea05,4
839aa5fd0,2
a7eb03730,4
d8603dd80,4
8ea9bb5d9,1
fc9773fa5,2
d77a6813d,2
35178a75a,4
91f0cb0a9,4
07eb56db1,3
f8e1ea097,4
189a8292b,2
225d2e242,2
02af3813e,4
6f0cbc167,2
630fe24e7,3
6c929fefb,2
e8d0eedf7,4
64eed5e14,2
c7901e98d,1
f70251906,4
d0b337200,4
7c4b2e0c0,1
97c58d897,1
943bcd4db,4
37fb97f8b,4
48d1bb550,2
9012ebabb,4
2e9a53eb0,4
5776e3791,3
2bf49ebb9,3
74f4cfdf6,4
f5cb16efb,4
c56432da8,4
aad9a8bdb,4
835fdb873,3
0063f83c9,1
9f9bfa4d9,4
20e75472d,1
07cc0ce27,3
076d6f830,1
0e5d845dc,2
d6f0972d4,1
a124a31ee,1
8813e5e4d,4
bf8aa8f96,4
1eb1f56ed,4
2c007007f,2
0b3b23c20,4
8d8895245,2
a1a9e48a6,1
ebd3ef2f9,2
5e10e3f87,4
1fd1d2349,2
79db05f63,2
bcf8ec029,4
42d94df4c,2
67d786538,4
e472219f1,2
6668704bf,1
8e76c8e39,1
3f518238a,4
62955be50,4
102482c40,4
b6cea4edc,4
c8daba029,4
d4c153877,4
420193f17,1
1a6becd27,2
274c7f123,1
65de38d1d,2
267162afd,2
e133ab2f1,4
4d999ee22,4
5377c3a3c,1
1eb7eb47a,3
c9e2b26c4,3
5e5038eb5,4
3264fe773,4
08e703dfc,1
13eafff41,1
3ee05e0d5,4
fcd21f3ec,2
1347325db,1
a3f6438ea,2
9cda44cdf,2
442ab63f2,1
708ce5f42,1
e93afb8ff,4
5360d72a3,3
062e2772c,2
54314d17b,4
be5fb246e,4
f729f19c5,4
780c099b4,2
2edfe6ec8,2
aac68c707,2
5376c81df,2
1d20ba693,1
7b1211e80,4
0142670c8,4
3304185a1,4
5af078de1,2
fda10b9ed,0
d7976886b,2
efe27171b,2
b2b5ee33a,4
b1ed265ef,4
a0cc9df12,3
fbc6507e7,3
63a5af53c,2
abafdc972,4
c24017264,1
03f130f5f,4
bbf3097d0,1
9ede28a9d,4
88db34068,2
6146d435c,1
e3d9dc96d,4
3bb0c9458,1
1e62a77e1,1
0bd83ba72,2
fa2c37e6a,1
017eda6dc,4
687be6419,1
8ff2c63c4,4
e58bebf13,3
eab8c8c03,4
8132fabfd,3
8b86fd668,1
3525855b3,4
3a3d4f5dc,2
a22c43e29,4
a963a6979,4
ec322a0f2,2
c504cbfd4,4
1a983eced,2
1894ab073,3
d565f7c6f,2
ef7c5813c,2
403aa5c4b,2
d08efa704,4
d11ac47cb,1
3de1d3794,1
89f28de34,4
d5ba03e9a,4
1d6a1b32c,2
799cbc9e1,4
022606901,3
06c724ada,1
1377d2c0e,2
10a6c97d5,3
d0956e39e,4
d50e11ec5,2
9ea482068,3
6945dbebb,1
ca1df3f71,4
7efd5522d,1
92c48ece4,4
cbd8840cd,2
184ea777b,4
b70ec3788,2
bfd38a572,4
3c6f9a4e7,1
f77452d59,1
ff10041de,2
e2bb56954,4
84fdd34c7,2
45b295426,1
9ee623346,1
ae4ab31ec,2
db03ddc32,3
7d2fe6bb6,2
5c881b941,4
58906d012,4
a39ad6dc7,4
aad08c47b,1
9550556bf,4
478312b59,2
699a81c51,1
ed84380a5,4
5c2fdb3cd,2
5bd0c6dc7,2
43894825a,1
dd4f3b8a8,2
301a245e6,2
fb4078a22,2
0a98163c8,4
cf2ae9919,2
370d9c1ba,4
faf13c5cd,4
6d2c3b550,3
196504d88,3
547c7bf41,1
dfa8ac290,4
cc3fe68d2,4
23874f644,4
a0fd5da22,2
a6236b3b8,4
226e8fe7c,4
69ae5dba1,4
a4e103d6d,4
571ce0202,1
707b0c535,4
201aad926,1
6f0d943dc,4
6230b6c50,4
3ee76f8a2,3
cf8250644,1
d37de633e,4
57cd5663c,4
9fb0aedb7,4
b8e6cb9b1,2
479500716,4
d0a66003d,3
7e8101664,1
a90161422,4
24d9b76ae,4
62ad62e0a,4
5c63f1fd5,2
e152df77a,2
af49cf598,2
21ae91701,4
151481179,2
bf01af28f,4
a12589a09,2
27104e464,4
649930cc8,1
c7cfbc8e9,2
51c99e8fb,4
ceee65059,4
3091d24f7,4
7e29d5a9d,4
9e046289f,2
be59708a0,4
5ada2f8b6,1
4235841ea,2
3a97c693e,3
4fc9dee58,4
a98d5b83b,2
3005b75eb,1
d29d34cfe,1
6da65afb8,3
2a9fd8dcd,4
19982272a,1
ffd697903,2
45af03266,4
5c60d114f,1
5a089c77f,1
511b4a044,4
ca2c00404,3
1b08020b7,2
23829dc63,3
5c67a27f5,4
db1f9bca1,1
62d911513,2
d33c9174f,2
ba16e7f4b,1
8de1c1ca1,2
1fecd2bab,4
eb6bb82fd,3
b9893e2fb,2
daa543c46,4
eda8eecc6,4
39b7ed1c3,4
4b3efcfe0,2
cc5892ce1,4
8c2e6c331,2
5b8ee289f,2
b460a9761,2
881d46cc0,2
3f109dab7,2
6dcce539c,2
beb93c6ab,4
387a8e71a,2
9e6f98ce2,2
503a567ed,2
6db27dbb7,3
c7315e345,4
39ba962ef,2
f5ebfd099,4
7d11f10b1,2
15f00daac,4
119903786,3
1f983f20b,3
8b8c686ec,1
9e6116358,1
36c4871dc,2
2a7b5edbf,2
1b5fd0e44,1
5e2bbb163,1
34884c9fc,2
2f3bed708,1
8abb96298,3
27e74e45c,2
0eba510fc,2
59f987236,1
050277142,4
67d74124e,4
0792dbfa4,2
e0f3c756a,2
93b1ca32c,3
db0875ffd,3
fbcadae16,3
a8c336257,2
1e8187711,1
0e6523901,1
786486296,3
e37f4aa07,4
e68926f8d,2
2f2f38f47,3
ba4f42314,4
990e04b81,2
a0eec326f,4
29a2ecf1f,2
ac35bae60,2
c8cca430f,2
fa39dd076,4
6154a6716,4
87f9ef7a5,1
73d59a848,4
c3b94defa,2
c2eec623c,4
0636650db,1
c1db71d88,2
0db02527a,2
9ca31b395,1
d8e7caaff,4
13426c720,4
fe3fe601e,2
dc94a986f,4
5685ae208,4
dc56ff89a,2
b48d47214,4
63fda9824,4
6a6e8e4eb,3
71c3f9254,1
4ec9289df,4
f7754af59,4
b6650d183,4
d9cf525bb,4
e12797ab1,4
443682c9f,4
d7696fdac,3
c5072890c,4
b82317efb,1
5b11611ff,1
bd5ac00df,1
6cdfd6a41,2
796781fbb,4
82ee2f3e9,2
24ee3b57d,2
04b073592,1
5de1d0c34,4
07e427e0c,2
449290a8b,2
a90da3a12,4
f612d5506,4
460ac160c,3
f95db0cb5,4
e58fceabe,2
3b1976326,2
edd8e11d2,3
5f68fcd05,4
3b3b37546,4
53bcfd67d,3
fab063ed4,3
16472756f,4
488c8d0aa,3
4e8f0401d,1
e4f7394ef,4
217fcf5f1,4
a56d6eceb,2
7cd55a3dc,2
647284f19,4
d67619580,4
30f92e1ab,3
acb9e48ff,3
09b5921e9,3
d14d62508,4
cdb855a69,2
c6bb64d82,4
fa4314902,1
0a1b56e66,4
22e73ac3a,1
1b154dffa,2
798a0cb05,4
13469fc6a,3
ba66a7a82,3
b03b1a110,3
38a81271c,4
7d25ac957,2
452a50855,3
affc18183,4
7a31d17c7,2
7beb8f666,4
ab22c3350,1
123f15578,4
a9914ea40,4
ff2cf88a0,4
314e041cc,2
474ee7e00,4
3f53ec8cd,4
fac19639c,1
e4277c6de,2
ea3c51eb3,1
1fc6f94cc,4
9999b8c82,3
9a7885841,3
ba58bb1a4,0
1fba9cbc9,2
a4edd47eb,3
1883fea05,4
61afb7281,0
eed4b685b,2
a2c44e0b3,4
78551abb5,1
efbd4c1e6,1
a75bbea18,3
5893f7a9e,4
95f2b5dc1,1
ec182ebc4,4
89347826e,3
364e3ac89,4
fb0180584,2
fd68d0b58,2
9d71eb546,2
0dbb0a012,2
b3f69b209,4
0532bf9d3,2
ab38d2296,4
1542ab941,3
1f393155e,4
a4fe492c2,1
0edacb2ed,4
2f0e90bdd,2
31c2215c1,3
c67aca639,4
f246dec63,4
23adab0a9,4
eb8baed62,2
32387ac37,4
dc8caa6d2,4
f03979157,4
2f260b3da,1
0d2394669,2
3105b0012,2
6ae4fc251,3
108da3f0d,4
86d203b94,3
b5aa74c6a,3
d302ad015,2
c996b2baf,2
92a038846,3
05c46d875,0
20bad295b,1
476d40031,3
445c703ff,1
c43ca0a88,3
682ed2e7b,2
7fab3c124,1
573f51aca,2
2619f003d,2
386e1a0fd,2
9fe6f98a5,2
9c17624f8,2
292447561,4
399856928,4
1f467ba22,2
a14f8bd53,2
162c1d98a,3
01ba86830,4
b7e8df1a9,2
af1b915b3,4
7ad53619d,1
2836c44dc,2
5c1fa6bd2,4
a2d87dd35,1
f01b64ff7,4
1a085d132,2
1c60a65e8,4
46b603304,2
b73cc0f45,4
abd80f666,4
71deb8267,2
ed1f38a40,4
4aa9a342e,4
3effb8d44,3
b6f77d754,2
863947277,2
eb64e3d68,2
fdc472b2e,4
ae38b9254,2
2faee359e,2
1ce37d745,2
b9d49b198,1
dcaae830b,2
4ac47ceae,4
f1dc8864e,2
c226ecabd,4
fe16bb525,2
f3c42e04b,4
7da9d50b1,2
3e9a56447,4
07877aea7,3
d0566e4db,2
f61c4cead,2
cdd815db9,4
8411ba490,3
6914ade58,3
90b438e96,2
4cb849b69,1
67ba0fe06,2
1e7e220d7,2
675a05fed,3
74d40e344,4
061f6b476,2
036c684d3,1
3859838cf,4
071753413,4
03c49f5aa,3
b9005c792,3
6d5b6616f,4
ed7754046,3
6b307a8ec,3
155126a9f,4
21c8d5f0e,4
fe74d6173,4
d452218f1,2
eabb13cea,1
9296c9064,2
e940019a3,2
3f03da51e,3
2256216b1,4
b41fd3816,1
3083ab744,2
1043aca38,2
1067bd14b,2
c3deb0697,4
88876f4d5,2
858854bb5,3
2691a20c0,3
2ad6c7675,3
1811b1412,4
6a9f15d94,2
b2676e6b1,4
a015cce59,2
0f27a7baa,1
8a0a8eec0,2
0940ecf2b,3
3a88e6c8f,2
0753ad1cd,1
2bbca459e,1
c72bd65dc,1
02d9e61ca,2
5afe2ebbc,3
adff46aad,3
d473d632a,2
a399a151d,1
fecec878e,4
66dda45c4,4
6f14bc8cd,1
897fde926,4
da5d1c5ba,3
fb82bfecd,4
da353217d,1
5b346ef59,4
6666265da,1
85ff0f493,2
9e5011264,1
cbc7dc778,3
dcdefed1a,2
6df28d790,2
f93ea9f9f,1
ac6adc2e4,1
8bda483ec,2
18e41c818,1
81573a25f,1
0b90767fa,2
cf4bbdbfa,4
89c8b19eb,2
b268202d8,4
f9f914ed3,1
cf98480e0,3
2239dee36,2
a479a1a6a,4
a1b3dafc9,2
c7e61f3c2,3
ee8c56246,2
6d87736bc,2
1069c72a9,3
5cdb90323,2
3b901ae31,2
8ff8aefca,1
703374c74,4
d17343468,3
1a2c23d4c,1
6ab1ff108,3
f7b84bc3b,4
1c0aa9866,2
31eb7b312,2
07914c759,4
f506d3fd2,4
bcf546cb8,1
28ec2de89,2
cd829526d,2
88b992d13,1
e0736a22f,1
6dbc5c968,4
865ee6652,4
4b6c04393,2
10b9af23d,1
38664cbf0,1
1082982dc,4
1ae9a98d3,3
c9646e275,3
eb77432cd,4
b70f7c3d6,3
b5fd8a091,2
da327c74b,4
ab41920c4,4
1a3a45096,2
400c2ccab,1
06cc44fad,2
4d74c2e08,2
8d08f7b70,2
91c4cb54d,4
f336dbe0f,4
9c296a253,4
a1543decd,4
21206933c,3
850875906,0
b56e6500a,2
ae42b09ce,4
ea65fe96c,4
92b89a666,3
12b1bce04,4
fe0e76ddf,4
18042e473,4
9ff4a6c4f,2
828f0e616,3
3f4e4f83f,4
f026fa4b5,1
22cf2902d,3
2630db5dc,3
a89f8b241,4
d7cefb8e9,1
a88d34ee3,1
d8de3a329,2
3d9346cfb,4
5d9feff2e,2
e3b6b7d2e,3
6e9e903c6,2
cd870fb18,4
406f92f52,4
4a8f49ac8,3
f160ae385,2
c18106b39,3
d8fc9bc28,3
fd38d0da0,3
5ac95823c,2
36f7fbe5a,2
0a4203544,2
e0d18f038,4
9e7aa5866,4
f98b9d62a,1
0cda0894a,4
80fcb8392,3
7feb1774c,2
a669b77aa,1
c958b75b3,2
cfd4c95d9,1
f08503742,4
cf6995fef,4
d2d48985e,4
1368f0b22,2
b7d2d752f,1
6ada9811e,1
c36ffffdc,4
0b4a0d698,2
54224dada,4
e276a9ad1,2
ba3ee71f8,4
283d0763f,4
a9e4d6df7,4
0ba16b529,4
4edc9ecc5,2
79b439763,1
b48b65ef2,2
3e2cc2690,1
36681852f,4
6c71db5b5,2
dba5f0e5c,3
581100fe5,1
29193bf76,4
d3bafdff5,3
925c3854a,1
9e9ce66e9,1
ae2c2b372,2
abadb839a,4
672e80119,3
adfa73768,4
ae64cc2e7,4
cb867cac6,3
05974bc36,4
15b27df66,2
b6450abed,3
9e2a19b16,4
f72ec09ba,1
02f89bdcb,1
ce9d5fb9f,1
d1274381b,2
766c2cd92,2
2986194f1,4
ed9d88a61,2
06cd6c623,2
5d517a321,2
43c623f94,2
c8c7ef646,3
5bb802fa1,2
8bf424910,3
6c7c5555f,4
d36f47834,4
0ced977d7,4
c4d225c88,2
5c30eceb2,2
f261c9968,3
6f93a41c5,1
86228db7e,2
a6171ee98,4
a0ece637e,4
4f45bb293,2
ff5e30380,2
7beccedcb,2
e3e70d2b0,2
cc081896e,3
9684a1603,2
9fce612cf,2
add617e3c,4
d2b59ecaa,2
812240d28,2
2b54ee792,4
db6b79545,4
76a045292,3
4cdb41608,1
cd9de4e83,2
495528ba4,4
14dcf6ec8,2
c92cdde7f,1
8e3b1dcd1,4
515462e67,3
9a7a6f554,4
68e6f19f5,2
4f3b3314c,4
6c3b8c99c,3
b551658f4,3
ffe5a0271,1
d54759a77,4
de08c8d31,1
8a17130c3,4
59b66be84,2
106f7b51d,3
9be11ef9b,2
f291e702a,3
95e206d02,1
2e7d08fa6,2
a2656874e,3
793e89809,4
5b59ef7ee,4
c79c98af1,4
4dfd61242,2
2ef8bed36,2
03c323fcf,3
eee0b299c,4
ed29f6592,4
459729cda,2
26dfe8b29,4
1dd6be0bc,4
b38e94f39,2
31da37bc0,4
a3a4e1dd7,2
fdbc1c567,4
1c4d99f6e,4
8cf927527,4
918fab9e8,2
0a1b57b57,4
fd71f9fb4,2
58ef3eec9,1
ac9fefd28,1
23987e634,4
85094deda,4
600f8eb25,1
7b22d0224,2
85594fcaf,4
96d7ed5de,4
0637293ec,2
3828225de,3
7f51a7e88,2
c6f877dda,4
eb4f09e0e,3
25fb57849,4
968c82e07,4
3bfb759ce,3
5adb9d9b3,1
cf419ae71,1
11b3fd45f,4
570fb2f6c,2
ad2b462ee,1
9ebe2f16c,3
df706fd55,2
acde4eb5b,2
cf49e1549,2
5458f8a35,1
56f62a309,4
3aa13a0b0,1
5220e701f,2
e8ec1a562,1
43021e4ed,4
5ec697bec,2
d35c1ab62,1
eed6f01c9,4
55fcdea2f,2
3a5fb3c1f,4
71f895aa2,1
edba94b45,4
cb0f41a00,4
21579dbcc,4
81f1d4d5c,4
e7dca0b2b,2
5ca64db1a,4
002230dea,1
cd7bea671,3
22ff7ca25,2
199f37bc2,2
99ba1c605,2
bc9c5a76d,2
9358ef6d7,4
2e3c988cd,2
d4e6a9aab,4
80bbb481b,2
95914d469,3
906083f6c,2
7d967671a,2
51337d3a4,4
5328a3ad8,4
3a5d5a265,2
e7b44276b,1
5df99d229,1
040d87bbb,4
4a8caef08,4
683f1dfd8,4
9166a802a,1
e49b7c262,2
e09c0a3be,1
823fe0bbd,4
d9b9b0174,2
c78cc1272,4
2ff9e9534,4
f904be121,3
934546487,4
64ea72fca,4
da8a47785,2
7711871ae,3
70aeba909,3
6da06ed36,2
60d72fc85,4
bb0dddcf2,2
b89c365c3,4
31d921827,2
1940d9eb3,1
216550479,1
b80074591,4
bbfc8a037,1
21c281e66,2
5bc5b43ae,2
82d0651f3,4
165e11d30,4
26cb1c2c0,4
c9cab5e67,3
107c49414,2
8b8229f52,4
09f31b13e,4
e0e392bfb,2
d2dd7e8c2,4
f922ee758,1
1c4d6faac,3
4463deb9a,2
b34a4f038,4
76fefc6ab,3
81670cf7e,1
3a8f89229,2
2e41f018c,3
aefafcc66,4
ae19ab91d,1
e6292a7b6,2
5da0df190,2
d3dbf1e95,2
4d5e4949a,1
2ba66d1e1,3
50b022696,2
d83aa1f02,1
e3b39a9f5,4
ed81d1da8,1
71edb3344,2
64f06dc3b,2
6d1596957,3
e9e9c9efe,3
cb256c605,2
b11103508,3
797725280,1
055825f1c,4
5fde0ce59,1
4501e7e4f,2
8b94ae06d,2
791e6dc19,1
1e8b70d35,1
e2daa33db,4
a72492a9d,4
5181f9924,3
6f512ee65,4
72bd22c9e,1
c8cc85a15,1
8c96f8ed3,2
216840542,2
9aac5500a,2
cf9bc2dc8,4
71ec53012,2
dc76a1735,2
e6f88d19d,4
5be134946,4
3ce0f0aa5,2
5c60f7300,4
724736153,1
27e649547,4
76b67f389,2
ee93b2d47,3
2dfaf69b5,4
e9a47ac7a,2
516646a4f,1
f0ba86cc6,1
ab0bb2f5a,4
2c983fe89,1
9ccf125f1,2
0e73648e8,4
50ad19176,2
4ad400ba0,3
20559d623,3
27c0034f8,3
ac59f3533,3
5bf02a5f8,4
e97446c37,2
3c778df64,4
cbf3467d9,2
642b0dbac,4
8eb5d1d04,4
400e57095,4
ad5250ecf,3
6f08e9c5f,3
7d18ee078,1
2b3ec0f96,4
4302e8f50,1
6c896760b,3
4d8f211f8,4
f304e7fb3,2
1683f03de,2
ea9d13261,1
8e92ebde6,2
596cf7334,1
5e74dfc90,4
a4b96c3f3,2
a0825ad18,2
2d304409b,2
1c2168ffe,4
af56651cb,4
64a40211a,1
9dd1cdd52,2
d9f772c36,4
b21dea224,4
ad5118660,4
d3740baed,2
1a783228c,2
2c08a034c,1
066521b34,2
84222fa53,2
e3427692e,2
feec7a438,4
a22cc0413,1
e94f842c0,2
e6dff6d40,4
f83c963d2,4
973dddde5,1
7be394a98,1
62b9cb163,3
058394848,3
afa694eb4,3
cc0eced0d,4
6d3930bb1,4
a0490612e,2
470e49e41,3
43cd2eb4e,2
765039f34,2
b00ce0fd0,2
6d94a56ef,4
4d0e2bebf,1
729f4d5fa,4
25b3328fd,2
b7575471f,3
e19ee42ce,4
653b3e668,2
b28bc9e65,4
355e3bdc5,4
5e696928a,4
76e071fcb,4
77bb4ce3a,2
0a266921d,1
2cde24ccc,2
106128c56,4
3ccdd1a98,2
0f366f264,3
f6beefaeb,2
ce0412bad,4
351f3746c,1
b62618f55,4
80092bbd9,4
cd067a495,2
1a54d4e92,1
855de7c89,4
16d4039e7,4
78cf59390,1
063e2d021,2
572e98234,2
600049d8e,4
ee590e762,4
1a67ffb8b,2
fa9df3011,4
cae004390,2
8e881542f,2
9c580ca06,4
e0e241d57,2
644d07ccb,2
c5aeec694,1
2b38b60d2,4
ac384792b,3
f00413d87,1
87a243fe6,2
bd2ad0f9d,1
988988d5b,3
63e2cb92e,1
e4460cb03,2
11d50c573,4
18aa41749,2
c234e165f,3
f5d7daf1a,2
733f9942b,4
4f1d86875,2
f0193b572,4
fd820a71a,2
474f23a3a,3
82905a82e,4
bd6528981,4
68a6c1a24,4
b7910b841,2
1c107ce2b,4
0a76a6cf3,4
1e34e1ebe,4
1bbb46822,3
04e7d89c0,3
c5baf5497,1
1b231e001,2
c87651546,4
71a92867d,3
532ccd0c5,2
86aeb2732,2
5bee46079,2
469bd2504,2
17d578acc,4
38e87cee8,2
e8a1f3d1b,4
5eb152e2a,1
c71d630d8,1
716167b76,3
e86a055e3,1
c87b301c0,2
f124ecf25,4
26c1fc882,1
abd7a3201,4
a5a4c2890,4
c9feb3eb3,4
a4faccedb,3
83b2fae5e,4
f6dc58442,1
a1c1dbf8a,4
104910cb4,2
b16cb3f1e,2
402799b02,3
b8715f663,4
62e2e9071,3
44dcffea3,2
31f59daf4,2
73d28220c,4
54e0ac09d,4
98b1b003d,1
f222ca167,3
49b868ae2,4
4409a68b9,1
0935ab38b,1
758a6def9,2
67be298a7,4
c3945aa2e,2
07558410c,2
5aeba94a3,3
5e711ed8d,2
6261c9966,2
4e1033fe2,1
6975353f1,2
7b84a3913,1
e79487c5d,2
851c46a9c,1
8039a31ae,4
5f0bfe5a9,3
61fa7980d,2
7432630e3,2
c026becc2,3
57aecbbcf,3
991519fdb,4
c296177eb,2
96b7978d2,2
6344c2cde,4
917ca93b3,1
6d7e560d9,1
9819716c8,2
ef7bdaf3a,2
3df923a0e,4
73d7bb2ce,3
c5f20f40f,2
b65dc15af,4
dcb42ee1e,3
ab87287a4,4
441594b56,4
506697cb9,4
408d4d8e0,1
f9347cf8e,4
a55f8d58a,2
24e0380f1,1
df6205194,4
1de8d0099,4
2cf4d18e3,2
47aacf137,2
66dbc2985,2
62887c0ea,3
27c5bfcf1,0
f32059805,4
bbf6ed419,2
ddd7cc601,2
9c87d70e5,1
d5053eb47,3
cdf03dc31,2
c31714ab2,4
c54ab239f,4
f4ab04385,1
52d65015d,2
94b587221,2
cedeef1a7,1
f83096577,1
e748f52b7,2
d31cc5eb8,1
4b0662306,4
65f56897d,0
a4f6acdb6,4
ae3ff3cbc,2
2c9f807c1,4
be36182ea,2
c5574bf3d,2
650a1a505,1
f195c540d,3
dcf2641f2,3
e34280d51,1
e5f479999,4
d3975e1bd,3
3ab64c5a4,1
5bb4cc5d3,1
554965e66,3
b7351540f,1
df9a4b31f,3
a543418a3,4
4060caeb1,1
915c4ba66,4
ae946bb63,0
77544cbd4,4
6ee8964b0,4
3e768f382,1
cc6de6d19,4
61003963a,4
a1fc6f0bb,1
4a874872c,4
f62e604d6,4
57189db08,1
13b807376,4
36010cec4,0
0c4c55b39,2
48fd10660,4
f67d78df8,2
0493336f7,3
ff50c6171,2
05d3e4d55,1
7993d67e3,2
3f5ec6144,2
de4de2e7c,3
98fc3ff8e,4
f391fc44e,1
04a30a9ea,3
fc1ac0d75,4
d6335be38,2
c4c4a926f,4
b2145e15d,1
b5f846518,1
f91147e5f,4
cf78e66fd,1
b0b33bec3,2
c135c6b15,4
b3db0fa59,3
285758945,1
9f341e7af,2
02fee7295,2
fa323e99f,1
cf86cc5ea,4
2ddbad288,2
e87214dd2,2
109d21b69,4
296bafb6e,3
e9e06e3f6,1
2e829ee7c,4
08dfce1e7,3
4137d96a2,4
115d6458f,4
5d808057a,2
f99af9837,1
a554dbeca,2
8a302ccba,4
646fe5d09,2
cc068a979,3
456c7a365,1
28a0ae4fe,4
2716a01b4,2
4891fdacd,4
7cd5e5195,4
84b36d951,4
3b0b2a86a,2
5c94ecc07,3
169184766,4
63697128e,4
a206ce13b,1
880a0ac07,2
d755e40d7,4
ec2c40301,4
7e8c5d816,1
926c92b39,4
ab4ef2577,4
87a16f3fb,2
6a72cfda7,1
d5df16a32,2
527b6112b,4
4f66a72ef,2
a1fb1b5bb,2
37884b086,1
d6fd7962e,4
d0e2179a6,4
8afeab374,3
3501d8f4f,4
92fae4396,3
4a311c6dc,4
74f987b01,2
9dfee7db3,4
5f235ec16,1
de97498e6,4
4e00cd0ac,4
9579ad7a1,4
c03fe7452,4
7e5d4e317,3
5c150efc9,3
8ca49ce85,4
4b7f7fcca,4
c0fe34d97,1
183160bf0,2
417c09a08,4
bde1336b6,2
61be9a64f,2
2fd882044,4
85e72abd0,1
f5257c5e4,1
bf9bd91e1,4
6f46311db,3
09c7b610e,4
915031b99,4
0644da7d9,2
34dc86aae,4
181d40c5e,4
9af8f154b,4
51c04983b,2
3d889fe46,3
2391fcc9d,4
073484a7d,3
c6556750a,2
2a2b95086,2
a43540943,2
132670005,4
0d635d0b4,2
fc948a166,2
791254d12,4
e8b34f964,4
102c931d8,0
38fd4509d,2
c0ab24656,4
d65b5a052,3
747359fcb,3
0c200f7a6,1
07e6b5eae,1
370d17232,1
f8213a645,4
eeb60466e,4
38e7577af,2
40bd89515,3
26e02fdeb,4
f594a2e18,1
0a8746c09,3
7ead795bb,2
1a3c44785,4
8fa1c5c38,4
85a0bad4f,2
382d948b1,2
4c1ac19c2,2
8cfba1686,3
9b3e95995,4
a804fded8,4
4d163b731,1
a977f3331,2
2db6c996b,2
fa1c96e93,3
756025f7c,1
0b051c8b3,2
6e643eba1,2
c68bc0253,3
9feae89ad,2
f368b7ef1,4
8f6a4a76a,4
2907a1335,4
a9bcc4196,4
e42dc215d,2
a0c15424b,2
6e5f03ddf,4
49bb70e36,1
1976719f7,1
80f8877f8,2
6097a5c1d,0
69c1801cb,2
d02c3d99a,2
e7f7066b6,4
ebeebeee4,3
10554e146,2
a4530b1d0,2
eff5c562e,4
a16c6d55d,2
a3e32d538,3
929528b36,1
954a6e415,2
daf1a8d08,4
a2e529567,1
20336bf88,1
db23b96cb,2
c1e816568,2
4bcc9f10a,1
869c8208d,4
f29cacb97,2
99cbd42dc,4
d24b8cde0,1
8d1640f3e,2
775da0afe,4
61338b2e9,2
83502a253,4
28dfa1c39,4
e32c29f03,4
d3ac21f5d,4
e3fa5b2be,4
8b396d0f4,1
a0124e47a,2
cde0d8e8e,4
ec9da833d,1
81fddeac7,1
64904cb52,2
ada57411b,2
96cbe1e48,1
5ab4a7a66,4
1f64d3191,2
cfa2afea2,2
1e7a3b766,2
f0063c5b6,4
0c64a0f1b,3
aff5fa8b4,1
ea7ec0562,3
dcf17ac48,2
356d41ee2,2
f3755376e,4
4f0eacbdd,1
e58a12b66,2
442f853b2,2
609e37f6a,3
8d25867cb,2
49e7b59e9,2
a8e5ae23a,3
2f7563006,1
da9d78f91,2
a091487fb,4
532b5a798,4
37cb01a87,4
ff47b9a27,2
8415aff49,4
1169ea6c5,2
45f9a9f66,2
dad97c60d,2
b92781dca,2
21a7f4896,4
4175a27e1,2
fd9375e71,3
e9cfb355a,1
b24ac527f,2
bd16029b7,3
3e6fa700b,4
e96c2483c,2
659dc9159,2
37f127385,4
80de23d7a,4
ef9196721,3
c58ad77c4,4
6ea58b8ac,4
65dc47112,2
8fddd8a5b,2
df1d3b1ec,2
497d68d48,1
82c90e313,2
acada131d,4
5df70cb5a,3
8b63e1b21,1
b663aafeb,1
a5a4898db,3
b1a6fb38c,4
b477ad589,4
e67cffa8b,3
82f52a225,4
52ad1225c,4
22145fe75,2
675bb16b8,2
f4e83a15e,4
cad1405fc,2
5d3d1070a,1
13e385580,4
1b8ef81e3,2
c6ce1ed64,1
bc14cca27,2
bd0a144b0,3
b2048c71d,4
c0edff1e1,1
c275f0975,4
e92d3d4cf,2
63647ce22,4
34c4e74a9,4
45a283ed6,1
9c14d8650,4
48f8d1d90,1
10fbc9548,4
c763f19ef,3
0c5fe8151,2
30506e8c1,1
ccd36a0f2,4
95bf103d8,2
941eb9304,1
19cf5ba9d,2
c2aeb6a1f,3
7a6bc9e55,4
eb90062ec,4
60ddc474c,4
9f48a8fe6,3
de591574b,2
e0238b8c2,4
f31090450,1
7977491da,2
a21b6c40a,1
1f470d9f4,3
538a89b59,2
56c329fdf,4
25fc96414,3
3711579ed,2
94a0eb345,3
8f85e69ee,4
c7e8a87dc,3
9baf0d577,2
b7f7e01c6,2
51b7034e6,4
8e01a6de2,4
2b6fe231b,2
6c17339fe,4
207aa47a6,1
d8519e771,3
6f863a03a,3
714e287c7,4
35907f15e,2
efbf1703a,2
f5fc7d4a5,2
a6fea1d1a,2
3183085f4,4
d41aa1c62,4
54c5d6442,1
2bcab4c4e,3
d1265050f,2
ef086278a,2
f90f6ca1a,2
2d00520ed,3
dd42b35eb,4
db71b8b85,2
eb8aeff64,2
d9c6517ae,4
ec5670386,3
3e411bd12,2
c001a0b58,1
e267af6d8,4
b3cf90bd1,4
caf56c307,3
bdc94bd91,3
00bfa5da9,4
a8de0737e,1
2cea63a41,2
d010fb743,1
c9a00b80f,1
8445b97aa,1
2455effb8,3
259b10a3e,2
6dc193313,4
ea1318971,4
50503b223,2
3feae3fb7,3
bb15b64ea,2
c76384236,1
76d5726c4,2
c8f4a2877,1
4dc92008d,4
96462a567,2
d5df34957,2
3d011c364,4
ca659fd81,4
c8d2ed523,4
a6e25e889,4
c2e22f843,4
91e996718,1
6a633ab6c,3
2d70f6a57,2
c9a21c416,1
325d0e364,3
365f29337,4
5043a32cb,2
235572f38,2
54b0c0564,4
3ca799ab8,4
92d1612f0,2
05d2022eb,1
b1da9f428,4
4982cc983,4
059cfed40,3
59a320894,2
7de2f688b,1
f03b04b1e,4
4c74d479c,4
8df053c7e,1
78a99e7a9,2
05febeea3,4
58d54417f,4
6e3457b81,4
730393b07,4
3086dc257,2
6b574c312,3
6eb8a8e8e,4
d9b63ae80,0
e1d40ecc1,2
df03e957d,1
4f629151c,2
7caa6d216,2
783a31182,2
9cac98ce6,2
0327b8e94,1
1e0be9e49,4
a4dd57b11,4
e2b5913e7,4
7582d1ab2,2
31926dd6d,1
8468db069,2
7e8bab7a5,3
c62de8a15,2
f35683806,1
ac8fa1b6c,4
240ddd506,1
670535e94,2
6b7f2c603,2
04f7eafde,2
4c0de1708,3
db3c2be5c,4
23bf0ed46,1
970910885,2
40d430494,4
125522846,2
281e2d7e8,4
7bfe95866,4
eaf610cd0,4
b28951b61,4
b16c55a91,4
da9b9db54,2
b3f83cef6,1
98c265a0f,4
03f65bdd3,3
303ecdb58,2
33dc6b53a,2
6b65fa006,2
d583d44d2,3
a4ade8bb2,2
8c9b5b646,2
1b89f5335,4
987095c9c,2
57f322839,2
8ea9f1228,2
6de0087e7,2
0bf9dfa21,4
c1ed602f2,2
4bb09fefb,4
02a8e44b1,4
d0b5fece1,4
8b9d9a18b,3
3de6bc035,2
c66946e39,3
70c30b53f,1
84e146ba6,3
e3a680ce0,2
3d2745318,2
207d61997,3
f08275fdc,4
e16fc7feb,1
a0b92d7a2,2
aded1fafc,2
fe88a5777,4
d3b4b6a8a,3
ef0b07c6b,2
9c969d36e,4
5419155f2,2
29bcccb7c,4
c37bb10fd,2
7759517e2,2
8a3c86cde,2
b7656e70f,4
dd5f93066,4
805461ad6,1
e24a04c10,3
83ea92fcc,1
1a53ed96d,4
999d24492,2
219bf9c22,4
703f1a4c4,2
8e77a97ac,2
1c8a8385e,4
6aee1d8da,2
f775ef952,4
a9b7b72b4,3
e156e8aa0,2
a83683f66,4
d5abad72c,1
b52c73ef1,3
19efe1616,2
8071fcc9c,1
cde5f25db,2
48bfc494a,4
db27a0a42,4
d8b05d43d,4
4c48a8f2f,1
e16882f44,3
808144591,1
b0e26c028,3
54791dc58,2
6bf08dced,3
b6684c4b7,4
cd9c84ec2,4
8d676283f,2
277f93a50,4
e6645c764,2
092c46fdd,4
f0c26af32,4
d0b98e001,2
a7344d7f5,2
beb3a6da0,1
8328ec7f4,2
d5052e2a9,2
6c3d7237b,4
ceed27182,1
e9dbf1095,1
573ebc9a8,1
3d6f14681,3
bdc5ffaba,2
6fea8ac52,4
ddd926335,4
215903d75,3
6b240dd0b,4
c4ff3b712,3
61dc8345a,4
941880ea3,2
c1a3e3aa1,1
83dff4077,2
d083a22c5,4
51741c1b7,4
22e9d72ce,2
0f1424059,4
6223c652f,2
b9f8cf52a,3
0e30e8240,4
06b533b04,4
2a9be9456,1
b1cb5d0ec,2
4450385b4,1
bd9e87899,4
611c6421b,3
9403bf0ec,4
7986a1870,4
0fe9d0022,1
79d56bb63,4
d4ce7a1ed,1
916165c1b,1
c7e3c3270,1
9d4cf29f6,2
e4efae0f1,4
420bdee9f,4
8a72708bc,1
ccbaa4592,2
0f122f712,1
c842fa148,4
0dff88b6f,1
7b8a09f2d,2
d7a002088,2
703105908,4
ffe0f06ab,3
8ff0818d5,1
4a5a05ef7,2
560d2b399,4
d605cb217,4
e998d6d60,1
14a9958e0,2
4e3e1ac61,4
1c2a20543,4
2f8890a94,4
4f5f178e6,2
8910ea0f4,2
dffc44afc,4
f0ef9c777,4
72b0d2b06,4
1498a5e81,2
3e82e76cb,4
b16b24c21,1
83166fea8,1
c85f29411,4
63dad490d,2
b8dd18a5a,4
9e758c0b0,1
9d8f22942,4
4e9f82a98,1
c98ae8e1e,1
366a4544f,4
a64ca36ca,2
bea72e6c5,4
1eb041ff3,4
711bebb99,4
ad66b0f44,4
e29fd3f0a,1
12ceeda09,2
390689a38,2
173fa657f,2
08b7e05a5,4
af4941f15,2
901ff85c1,2
68860d109,2
359dd0b52,3
3268dcfd0,4
e9a379c0e,1
bb6276b35,4
0993b5aa2,2
2b0b80ef6,3
e5f76fab6,4
7611934a0,2
f27974780,2
75f3c2e36,3
70c811b9d,4
98bcfde91,4
69c8c9463,4
02126e289,2
c2b2da9dd,2
583d4b36c,3
28f1efe3c,2
2be9fa813,2
64f41ee68,4
dcc0d8482,3
7b660c6af,1
46feadc45,1
c35cc3520,1
2db012118,2
694a730b4,3
ab17ce306,3
8facdc86a,2
407ef0ea0,1
a5dc02b69,4
cb05f298c,4
8a29d1df0,1
5b8610245,2
791c8a511,2
d6a2a2e37,4
c7195edba,4
5f72e457d,2
a645311ed,4
187b92014,2
9bfb6a77f,1
d7331834d,4
a8cfb849e,1
be07596c5,2
7ddf00d90,4
e67f4856d,0
8db729086,4
fd7ae9b79,2
9c7917558,1
cb33000d9,4
554c80a2a,2
53eda13e6,1
f3b4e3f5c,2
e99c4a55d,1
907f77c78,4
32acc8a7a,3
f3b52a69c,2
2b6e5343e,3
f6ec35f31,4
4bbc7992a,4
943e9242f,1
db957842b,2
e7c607873,4
6aff78ff8,4
70112a1b9,4
3e3743dc7,4
584ba2890,4
af32c8be0,2
060d1de98,4
f98d0ea9b,1
f024e91b9,2
ae0425756,4
d20ea312e,2
91697ee90,1
ac7edef88,4
1ad691ca4,2
967ee6c2e,1
cf66d011e,3
6436c1a59,4
45c871da9,1
3cfec8730,4
8b1151deb,2
db095d92a,4
aa88c3b97,2
079785984,2
7b6ffc0a1,4
2abfa66d6,4
19caeb6b5,2
75f3eb3f8,4
467bd5bc8,4
f05a5801b,4
df17a57ae,2
2b6b2524b,4
2485efd0a,4
15a06cb97,1
00c19f4fa,2
e95bb9197,1
5b7fd5349,2
67e77a11c,4
3a0e3b527,1
9aa40019a,4
36edc334e,1
b73c5a1b7,4
a0c9daa0a,2
8ba1566de,2
718a5d950,2
81d82bda3,4
2e76362c0,4
480f33a74,2
8c0eb7188,1
d02baef01,4
aeb15ed5b,1
8e5356302,4
9ff5a1ca1,4
05aad3b3f,4
81d97fa9f,3
8623ecf43,2
8566a1bd5,1
4298e4c15,1
2bea067f2,3
26e7f93e8,2
75fc7829e,1
6d089036f,4
ba433a9d3,4
cd1947175,4
db5d27601,4
6cd340cfd,4
70a90deaf,4
26901ccb0,1
7026f3191,4
0a38a1059,4
af8cd40e0,2
9a7a99c23,1
f74ad48ff,3
7f771cce5,1
bb90447e5,4
902a255d2,2
b0dc1d4f0,3
c68936b74,4
86afe98e6,4
07dd9a0a5,4
1ca9db40b,4
3c2e29219,4
18dab2783,2
bf1762a3a,4
adc5ada07,1
17880e117,2
df26f1098,4
0e98b9e24,4
ebc345fe0,2
3f016dcab,2
b3971f06b,4
326c9c979,3
72b996452,3
d81a46211,3
a31d4c0f0,4
e9cb42d59,4
d919bd302,4
5cbe99be7,1
b84ad40b4,2
5dd7c4c06,1
83b705aaa,3
12ffabf23,4
f246cb734,2
28c3c4264,4
f5e310e82,4
f31cebfd0,3
7b8d76961,1
775d4b52e,4
9945b5ac5,2
0f796d3f9,1
cc14a0fb9,1
e62224eeb,3
ba2d4e877,2
c06b6d8bf,4
5e4c387b2,2
56937e269,1
aa03b987e,2
92b5de07f,4
94438a5c5,2
569e2b299,4
887b5144a,4
b5b9c3c05,0
4a8ac8bff,3
dd8817ccb,3
ec40d007f,2
5e8872259,4
dc7a53ba0,4
9d82e4438,4
91054dc16,2
f1afd4033,2
eac9739c8,2
3a36bdba5,4
549c35706,2
fbaec0999,2
b2c120250,2
d8f35138d,4
1a4a2e683,1
923a58e31,3
b4d341b10,3
731a2ef80,2
75c84313d,2
0c5b71bf0,4
24afd5f54,2
59c3497c1,4
0ffe99b25,2
75f582ad6,4
e3f51f5e0,2
85b57bb1e,4
36a9087d7,2
2401dd6df,2
ee9ba4990,1
678d21531,4
4501c8125,4
90e582b0c,1
9a0db11a9,2
1c3f79b11,4
063495ecd,4
1caf9686d,4
71ad8e81d,2
1c2dfa92d,4
cdab8ba8e,3
c31f3d3f3,2
996b92780,1
ae6a2116c,4
951556f0a,3
91df1b68f,1
2374a1c12,2
23367e78c,3
2fdc23bcb,3
dd7732e86,2
e78e9736a,4
f0885aa00,4
615213076,3
6f12e6d07,4
015fdb354,2
bb567f5cd,2
ac813296c,4
77c9c2e64,3
e42fd0fed,2
8daa38a67,2
27a7a1795,4
76d3ef2a4,2
f4cff3785,4
0d653b602,3
3ebb0dd45,2
a706b0eb9,3
db745332f,2
880d3c594,3
776f7e340,4
8111713a2,1
3b4a987ba,4
9abb10f2f,2
d76c4ec1e,3
5bc5e3faa,1
5163abb6e,3
fcdf10cb0,3
36d764abf,1
9e6570928,4
75bd3a017,4
3316a5619,0
6e3aad5f3,3
edcc13ccb,1
18b6fc5f0,2
f928a7e7f,4
de59f42db,4
e6aceb97f,2
130797334,1
087804d85,1
787acfb28,2
eb6c692dc,4
a9f2b6e32,4
87bdcbcdd,4
77d38bd16,2
9c7476c25,1
69c9ba4b3,3
326355730,2
aeb17dd99,2
8e68a9075,2
98686f3bc,4
4f7bfcb68,2
622f08247,1
9eca51592,2
151d50f53,2
4ce29bb83,2
77d4eba90,2
a20d1e637,4
3e4f81782,2
063521459,3
ac7609b80,1
8abd027df,4
041dd606f,2
44da8c2a0,4
603d1d51c,2
ad6cfec5c,2
c18a1acc6,1
84ce5f32b,3
1171c9a41,4
3a7d3c17e,4
dcb0314b0,3
483f1aae8,4
67e7da152,2
b2a23ac85,4
d840b5a02,2
6c7fc08e6,2
057e5347f,2
f41112ee1,4
d89ce4c76,3
0d94f0378,2
20ba919c6,2
bfa6682ae,1
aeda0ac0d,3
07a3f2bd1,4
edf74226c,4
a77b63ee1,2
39ef18e70,2
5ab429fcb,2
37ea8d2db,3
7915144f9,2
373b98352,4
056cc22d2,4
b129e668c,3
a29c12bef,4
9d9d9f2cf,1
f3082fa97,2
1ce555db8,1
c8fc0d746,2
1633b105b,2
e6335223e,2
b0855d1dd,2
d6e52b75b,3
515d9508a,2
44db1cade,2
d30c88c64,1
700a93465,4
b62d80c49,2
082b9a2de,1
92d830572,2
5573e21b6,2
382cc2865,1
6f1e6e8ed,2
598479067,2
5e0519e3d,4
f8710e158,3
fd8f64c6d,1
0eb219818,4
2d725d001,1
5aced80cd,4
58fe1756c,2
e2f5253f7,3
727d25d09,1
840fbaeba,3
e809f1cb5,2
48c5a3c40,4
885c668e4,4
702bee848,3
687e9c33c,4
dff412d60,4
ff2224b9d,4
64a0deeb0,4
c8d22c965,4
a2e22831f,4
9f3fe015b,4
da6bb3100,2
e4b90955c,4
54e731fab,3
acfaf9210,4
33a9dff78,2
640e18ef0,2
f7af4ce3d,4
0b4bb9906,1
1696809dd,1
a9bfec3ba,4
782eb0d9d,2
137916924,1
6ae5689d3,1
133ca8c90,4
2099c09a0,3
779d50e4f,1
ff498c903,2
6786609aa,4
a77045d3b,4
3b6f9b47b,1
f2816bd92,3
7dd780fe8,3
2ccf25b91,4
6dd91ba4d,2
1e45f7387,2
adfd0f0bc,1
b9c0de515,2
c14b2f3da,4
6cdc6cab4,1
6c3a05812,2
34090e9d6,4
45d384cb1,3
cd091f4cf,1
8dfe4da6a,2
5fed61438,2
dabcf0e55,2
4544aecf7,4
2b4017cf2,4
95855babf,2
4482a8d57,1
23e49bd2e,4
0fd78af13,4
61d4dc56b,2
97f0e7ec2,2
01e410583,3
ee63ca0b4,2
6d55edd17,2
2c5b817a7,1
df39a5468,1
962c84aa9,3
b7dda91fe,4
2e73c3dc3,4
d092253a0,4
b8084fe32,2
69a1c3147,2
adc03f8b6,3
ea3ebc38a,2
64e5f3abe,4
cc195b43d,4
dbcfcf50c,2
b3170958f,2
e80386a28,4
790e639ed,4
02d644003,4
b46b4419a,4
73dedcf29,4
4874347b0,1
7f74af51f,1
94e9e97c4,1
66bf65c82,2
dcd93c794,4
bf87b176d,4
5fc6599fc,2
4dc6822f8,3
e276617a4,1
14fb52f07,4
833408fc5,4
761523328,2
7d52177d6,2
c59d7c9f3,2
bb4c6519d,4
ddc628647,1
c421064dd,2
22937e80e,4
310045474,4
bd8ce1096,4
c924a03e8,4
0b459b60b,2
72e76bc9b,2
de35c9f48,4
8a6f0c997,2
181c10e45,2
34221a4f8,1
05a05d562,4
1557f91e8,0
756eaf5eb,1
fff4a6420,2
5457a593a,4
416cb5d6d,1
bcda757a8,4
ec15875ea,1
8bacce548,1
107c30c6d,4
84057a73d,2
6138cd70d,2
b4d16b6f6,3
ffa5c6c35,4
6258b0d76,1
a31b05e99,3
7e6d7cbb3,4
199fd5d5f,4
dbfb1869f,4
35bbdb5fd,2
98f5b7ecf,1
8563d2004,2
8f47e7ad3,1
9c263fbc4,4
cb5597fb1,2
2b9fd4034,2
2e1d3ae52,4
3e101e353,2
ae524a36a,1
afa46c13d,2
2ac979cf7,4
9a8a8b6ea,4
b854220cb,4
0d4c495dd,4
30908fb77,2
99daba941,1
bc22c806a,2
543130f60,4
8af1b11ce,4
f03af5072,4
3a93093cc,2
f5dc6f316,2
ec2bb7160,3
f1d86e6ea,4
36e1415c8,2
c6189ea84,4
9b344389b,2
339a623c4,2
651d63dd7,1
40f9864d9,4
9ff766a26,3
f7554df6d,2
059d8d91f,1
4036e0e12,3
9a609ef71,1
ff125cf8d,4
f4ed1a08e,4
c2b16f8ae,4
7a6ef9da1,1
321d04634,4
463706ace,1
271ca0b0e,4
66b206dbe,1
59d4947b6,1
fb9833d4b,4
c6a2b6ae1,1
88ac92eed,2
cbaabed93,1
bee984e11,4
fc0952bea,4
4effbea00,2
97db95d21,4
6b7be833c,3
73d65de2d,4
e79f310db,3
36b7411f9,3
fd8bb16c6,1
89446d475,4
4963e95ce,1
7c542e43e,3
5297d9ba8,2
a8271c7e3,1
9d03d5988,3
d1ef30b8a,1
18bc7bf4d,4
ea6129e3d,2
546a913cc,4
dfb0b0928,4
60fa6acbe,3
61b6e170c,1
8991aff61,2
e093c4886,2
383e5b82e,4
5bda8f113,4
efd805ea9,4
1e140177f,4
ab519bf92,2
6c61c33ee,4
2ca3bc8f5,4
b414c5dd9,1
80f1863b8,2
b3ae374f7,4
917c0bc2b,1
a0c584c54,4
953e3ebd4,3
a42c62fc0,4
7a785a607,4
cc4e55d5b,3
a63a0ac25,3
8dde63c12,1
a5d08e982,4
0f58e5dd5,2
aca9ddee7,1
26988350b,3
534fff3cf,4
915173d4d,1
16ffedcf8,3
a36b60379,1
2083834e2,2
f64329201,2
fdb03c163,1
5f5bd40ca,3
d0aa84916,3
10fa4505d,2
f97c8edc4,4
22de1a590,2
30d293a39,1
0dfd484a6,3
556549333,3
c42153e51,2
544c16564,3
2ef82137f,4
4529e91da,1
93ea39e5f,1
f892df3a1,4
8a4e70a21,3
24dbfaf39,2
9f5636404,3
d8179f4d9,4
3b4f31dc0,1
4ef15a1c6,1
c17b66965,3
9ea3739e8,1
966598774,4
9699a3d34,4
e31df86bc,3
5944cef68,1
239844635,4
77f9b1470,4
b9d6b1488,2
cd81fa60a,4
18556365a,1
8e8965ae1,4
1d6944a82,2
988c18c10,4
a8055a2ba,2
685b2cbe4,1
0fa39858f,4
de43c6ce5,1
35ce89b5c,2
f28c8090d,2
21fcd15c6,1
b8daff578,2
6f665c704,3
3d0b85658,4
8ac51d5ce,2
af2ec000a,2
28cf4a84d,1
021cb10fb,2
1d373c973,2
a0c1384d1,3
59e6d1d66,3
acb248693,4
902e7f8aa,1
18427ab22,3
6003cc8cf,4
625543b75,2
1c8b66066,1
75f574b0a,3
5290a4428,2
1fba191e3,4
82f899eaf,3
e3a372f31,3
bf458a7d4,4
33752346b,1
f58143fd5,2
3181e5424,4
f1e6fcd95,1
610ece7bd,2
abe8790ba,1
6114449db,3
017d966eb,4
a6fbe0f38,1
803c3b444,2
1aaa74b35,2
cc515ec8c,4
d50b449f0,1
06f523361,2
04e829d49,4
76f668025,2
7f5cb9583,1
05935bf08,1
7c559dedd,4
2fa65607f,1
ff14c3dbe,2
1cf66aed4,4
fcd19b26b,2
5a7207717,2
dde4e26d1,2
6185f59bf,3
8f1b39562,2
33aa18b41,1
47fd4a840,4
b743aa88e,4
9668972cc,4
cf85bd080,2
2430b50b4,4
79075eca4,1
6774f84e3,4
cbd5f7a45,2
492fe3371,3
a684871b0,4
167a6dcf3,4
39816161d,2
59e24567e,4
607744326,2
e08e93f16,1
36bec0c95,1
94a4357dd,1
be38039cc,4
5e8cbcc56,2
b906d9b78,1
63c049a9e,3
4236c9245,4
047c20d1a,2
b40818da6,1
894da0f10,3
028d42a4b,2
ed40421f9,4
4ceff22c4,1
9ebf6e448,2
9a38d4275,4
e9a47e731,1
1eeb4ea81,4
64c2d93c9,1
e6e0ad572,4
3f3e1f288,3
4d73d97fd,4
d1d9012db,4
7e1af1787,4
17ac391be,2
bff5e06f5,4
6608d48b2,3
145883970,2
378059791,4
be3247b2c,3
23cdf5f21,4
d9033fea0,2
6709f43e8,4
2bdf3471b,2
27058d03f,1
0cf7fae9d,1
e801cb768,4
66f6cd1cb,4
b3101cf5c,2
89ba257e1,2
bb675d874,1
c9d24314b,2
b4fafe948,2
3c03a9912,2
d2fa0b0df,1
ea6d8cb1d,1
2b666036a,2
bf497e792,3
de2460808,4
9a2b50582,4
6ab4a944b,4
ef9b5808b,2
9b09114c4,1
6120ace5c,2
33dda6165,4
c53fb8a18,2
18286db6a,1
99dcd9020,4
d39684633,2
eab1d3e9f,3
07cfb3380,4
615f2f661,4
c8c3eb092,2
8f860b014,1
c4a3c0456,2
9c68827b5,4
1758efd47,4
90bcfd0e4,4
229beedff,3
87b715441,4
474e70ba1,1
4c594983d,4
0fe8ffc8e,4
9495fed48,2
cbf20c4b0,4
66064ba80,2
1e72112bc,1
dc589864d,2
c7ef9e0bf,4
d0fcfeb0f,4
133cc5f19,4
5f20dde82,1
437d65d38,4
fc52c0c82,2
d21ed8b84,3
65df826e8,1
ece36dc30,1
a69ee8f61,4
0a8fc6614,4
0ed23a049,1
ea2542b58,2
43b6e3f2a,2
ff8e7c016,2
99558ec92,4
3bedb1ef9,3
0deeed2d9,1
d596234fc,1
6ac38f654,2
d4af42055,4
289d0bc8a,2
0b501f1d8,3
a6deb30e1,4
7e704dadb,4
bcee746ce,1
c89dcf5ae,4
eea123bb1,2
1772727a1,2
61e7f4ebe,2
32afa462f,1
60a36cab1,4
4fc7557be,2
2e4c1faf7,1
c2284e2e9,2
9f4f97c61,1
1b945f406,2
437b06047,1
85078bc71,1
43b5d3f4d,1
dd7ad37e7,1
1f4871c30,4
75f3f26cd,4
6b42c0d29,4
0bd867d1b,4
204a3b926,3
143027239,2
5ae7359ab,2
343c1f526,1
f96ccddd5,3
c73c8b6d1,4
ef896feeb,4
220e9aa26,4
975091325,4
029b05087,2
c014197ab,2
e2c1b469e,3
8a2e1d05b,3
e5ea737ec,4
83d36f269,4
97baac4eb,1
96607bca0,3
1e7159da4,4
35f9818a7,3
46e25aa2b,4
d3692d2b2,1
3c43b7541,4
7ee6fe581,4
